Date,Close,High,Open,Low
2022.12.06 20:00:00,1.04631,1.04826,1.04639,1.04819
2022.12.06 21:00:00,1.04593,1.04691,1.04632,1.04639
2022.12.06 22:00:00,1.04622,1.04719,1.04696,1.04635
2022.12.06 23:00:00,1.04627,1.04705,1.04642,1.04697
2022.12.07 00:00:00,1.04617,1.04691,1.04649,1.04641
2022.12.07 01:00:00,1.04639,1.04697,1.04671,1.04649
2022.12.07 02:00:00,1.04562,1.0468,1.0461,1.04671
2022.12.07 03:00:00,1.04551,1.04738,1.04725,1.04615
2022.12.07 04:00:00,1.04649,1.04765,1.04658,1.04724
2022.12.07 05:00:00,1.04581,1.04677,1.04669,1.04655
2022.12.07 06:00:00,1.04586,1.04681,1.04637,1.04668
2022.12.07 07:00:00,1.0462,1.0471,1.04665,1.04636
2022.12.07 08:00:00,1.04475,1.04682,1.04487,1.04668
2022.12.07 09:00:00,1.04431,1.04673,1.04597,1.0449
2022.12.07 10:00:00,1.04492,1.04803,1.0478,1.04598
2022.12.07 11:00:00,1.04659,1.04844,1.04759,1.0478
2022.12.07 12:00:00,1.04727,1.05069,1.04998,1.0476
2022.12.07 13:00:00,1.04891,1.05047,1.04896,1.04998
2022.12.07 14:00:00,1.04863,1.05395,1.05366,1.04896
2022.12.07 15:00:00,1.05201,1.05473,1.05425,1.05366
2022.12.07 16:00:00,1.05156,1.05498,1.05175,1.05426
2022.12.07 17:00:00,1.04944,1.05293,1.05041,1.05175
2022.12.07 18:00:00,1.04882,1.05106,1.05038,1.05041
2022.12.07 19:00:00,1.04987,1.05222,1.05181,1.05039
2022.12.07 20:00:00,1.05102,1.05286,1.05106,1.05182
2022.12.07 21:00:00,1.05064,1.05202,1.05143,1.05105
2022.12.07 22:00:00,1.05026,1.05169,1.05098,1.05142
2022.12.07 23:00:00,1.05036,1.05124,1.05036,1.05098
2022.12.08 00:00:00,1.05014,1.05112,1.05062,1.05031
2022.12.08 01:00:00,1.05063,1.0515,1.05116,1.05063
2022.12.08 02:00:00,1.05016,1.05153,1.05022,1.05118
2022.12.08 03:00:00,1.04948,1.05045,1.05017,1.05022
2022.12.08 04:00:00,1.04945,1.05074,1.04958,1.05019
2022.12.08 05:00:00,1.04944,1.05047,1.0504,1.04955
2022.12.08 06:00:00,1.04948,1.05044,1.0501,1.05037
2022.12.08 07:00:00,1.04939,1.05061,1.05037,1.05012
2022.12.08 08:00:00,1.05023,1.05188,1.05136,1.05034
2022.12.08 09:00:00,1.05095,1.05308,1.05261,1.05131
2022.12.08 10:00:00,1.05124,1.05274,1.05267,1.0526
2022.12.08 11:00:00,1.04895,1.05269,1.04948,1.05266
2022.12.08 12:00:00,1.04909,1.05136,1.05132,1.04948
2022.12.08 13:00:00,1.04924,1.05143,1.05084,1.05133
2022.12.08 14:00:00,1.05064,1.05244,1.05187,1.05084
2022.12.08 15:00:00,1.05108,1.0532,1.05204,1.05188
2022.12.08 16:00:00,1.05172,1.05402,1.0539,1.05205
2022.12.08 17:00:00,1.05351,1.0549,1.05452,1.0539
2022.12.08 18:00:00,1.05343,1.05651,1.05514,1.05452
2022.12.08 19:00:00,1.05393,1.05564,1.05442,1.05514
2022.12.08 20:00:00,1.05383,1.05619,1.0558,1.05442
2022.12.08 21:00:00,1.05454,1.05637,1.05602,1.0558
2022.12.08 22:00:00,1.05531,1.0561,1.05555,1.05599
2022.12.08 23:00:00,1.05523,1.05591,1.05523,1.05553
2022.12.09 00:00:00,1.05466,1.05566,1.05547,1.05536
2022.12.09 01:00:00,1.05533,1.05631,1.05556,1.05547
2022.12.09 02:00:00,1.05518,1.05601,1.05598,1.05552
2022.12.09 03:00:00,1.05591,1.05854,1.05788,1.05601
2022.12.09 04:00:00,1.05661,1.05807,1.05737,1.05793
2022.12.09 05:00:00,1.05735,1.05841,1.05803,1.05737
2022.12.09 06:00:00,1.05757,1.05827,1.05761,1.05806
2022.12.09 07:00:00,1.05744,1.05868,1.05769,1.05761
2022.12.09 08:00:00,1.05709,1.05787,1.05759,1.0577
2022.12.09 09:00:00,1.05668,1.05881,1.0568,1.05758
2022.12.09 10:00:00,1.05609,1.05771,1.05611,1.05681
2022.12.09 11:00:00,1.05468,1.05663,1.05573,1.05611
2022.12.09 12:00:00,1.05527,1.05688,1.05587,1.05576
2022.12.09 13:00:00,1.05511,1.05646,1.05538,1.05586
2022.12.09 14:00:00,1.05503,1.05665,1.05561,1.05538
2022.12.09 15:00:00,1.05043,1.05664,1.05387,1.05562
2022.12.09 16:00:00,1.05251,1.05505,1.05344,1.05393
2022.12.09 17:00:00,1.05191,1.05582,1.05408,1.05338
2022.12.09 18:00:00,1.0535,1.05541,1.05495,1.05408
2022.12.09 19:00:00,1.05321,1.05504,1.05457,1.05495
2022.12.09 20:00:00,1.05398,1.05561,1.05495,1.05456
2022.12.09 21:00:00,1.05437,1.05523,1.0547,1.05495
2022.12.09 22:00:00,1.05303,1.05481,1.05304,1.05469
2022.12.09 23:00:00,1.05287,1.05336,1.05334,1.05303
2022.12.12 00:00:00,1.05275,1.05385,1.05332,1.05276
2022.12.12 01:00:00,1.05183,1.0534,1.05206,1.0532
2022.12.12 02:00:00,1.05097,1.0523,1.05134,1.05206
2022.12.12 03:00:00,1.05058,1.05179,1.05123,1.05135
2022.12.12 04:00:00,1.05061,1.05203,1.05131,1.05125
2022.12.12 05:00:00,1.05118,1.05168,1.0515,1.05133
2022.12.12 06:00:00,1.05141,1.05198,1.05163,1.05151
2022.12.12 07:00:00,1.05082,1.05168,1.05164,1.05162
2022.12.12 08:00:00,1.05085,1.05279,1.05227,1.05163
2022.12.12 09:00:00,1.05146,1.05368,1.05264,1.05227
2022.12.12 10:00:00,1.05202,1.05514,1.05452,1.05261
2022.12.12 11:00:00,1.05445,1.05649,1.05595,1.05453
2022.12.12 12:00:00,1.05547,1.0567,1.05647,1.05594
2022.12.12 13:00:00,1.05591,1.05743,1.05657,1.05646
2022.12.12 14:00:00,1.05535,1.05744,1.05556,1.05657
2022.12.12 15:00:00,1.05535,1.05777,1.05717,1.05557
2022.12.12 16:00:00,1.05497,1.05768,1.05557,1.05717
2022.12.12 17:00:00,1.05204,1.05803,1.05237,1.05559
2022.12.12 18:00:00,1.05176,1.05498,1.05443,1.05238
2022.12.12 19:00:00,1.05288,1.05487,1.05343,1.05443
2022.12.12 20:00:00,1.0516,1.05356,1.05224,1.05343
2022.12.12 21:00:00,1.05108,1.05263,1.05222,1.05224
2022.12.12 22:00:00,1.05209,1.05381,1.0536,1.05222
2022.12.12 23:00:00,1.05334,1.05387,1.05378,1.0536
2022.12.13 00:00:00,1.05288,1.05356,1.05351,1.05351
2022.12.13 01:00:00,1.05331,1.05422,1.05409,1.05356
2022.12.13 02:00:00,1.05372,1.05478,1.05446,1.05409
2022.12.13 03:00:00,1.05401,1.05494,1.05465,1.05448
2022.12.13 04:00:00,1.0545,1.05542,1.05465,1.05464
2022.12.13 05:00:00,1.05333,1.05482,1.05345,1.05465
2022.12.13 06:00:00,1.05311,1.05415,1.05413,1.05348
2022.12.13 07:00:00,1.05362,1.05518,1.05509,1.05412
2022.12.13 08:00:00,1.05456,1.05549,1.05468,1.05516
2022.12.13 09:00:00,1.05462,1.05606,1.05515,1.05472
2022.12.13 10:00:00,1.05315,1.05607,1.05477,1.05515
2022.12.13 11:00:00,1.05312,1.05475,1.05431,1.05475
2022.12.13 12:00:00,1.0528,1.05433,1.05355,1.05431
2022.12.13 13:00:00,1.05332,1.05461,1.05357,1.05355
2022.12.13 14:00:00,1.05328,1.05525,1.05485,1.05358
2022.12.13 15:00:00,1.054,1.06616,1.06467,1.05484
2022.12.13 16:00:00,1.06312,1.06734,1.0645,1.06465
2022.12.13 17:00:00,1.06207,1.06506,1.06364,1.06453
2022.12.13 18:00:00,1.06247,1.06589,1.06296,1.06365
2022.12.13 19:00:00,1.06107,1.06383,1.06146,1.06297
2022.12.13 20:00:00,1.06104,1.0628,1.06203,1.06146
2022.12.13 21:00:00,1.06181,1.06412,1.06362,1.06204
2022.12.13 22:00:00,1.06255,1.06384,1.0627,1.06362
2022.12.13 23:00:00,1.0627,1.06332,1.06319,1.06271
2022.12.14 00:00:00,1.06253,1.06334,1.06322,1.06319
2022.12.14 01:00:00,1.06203,1.06359,1.06241,1.06315
2022.12.14 02:00:00,1.0623,1.06384,1.0636,1.06241
2022.12.14 03:00:00,1.06308,1.06391,1.06347,1.06362
2022.12.14 04:00:00,1.06265,1.06386,1.06278,1.06345
2022.12.14 05:00:00,1.0624,1.0629,1.06262,1.06279
2022.12.14 06:00:00,1.06199,1.06268,1.0624,1.06262
2022.12.14 07:00:00,1.06235,1.06305,1.06261,1.06241
2022.12.14 08:00:00,1.06259,1.06406,1.06374,1.06261
2022.12.14 09:00:00,1.062,1.06423,1.06298,1.06374
2022.12.14 10:00:00,1.0619,1.06447,1.06423,1.06301
2022.12.14 11:00:00,1.0639,1.0665,1.06622,1.06423
2022.12.14 12:00:00,1.06534,1.06722,1.06698,1.06623
2022.12.14 13:00:00,1.06451,1.06711,1.06518,1.06698
2022.12.14 14:00:00,1.06385,1.06521,1.06455,1.06519
2022.12.14 15:00:00,1.06363,1.06534,1.06466,1.06454
2022.12.14 16:00:00,1.06317,1.0651,1.06427,1.06465
2022.12.14 17:00:00,1.06411,1.06617,1.06467,1.06428
2022.12.14 18:00:00,1.06418,1.06612,1.06542,1.06469
2022.12.14 19:00:00,1.06495,1.06676,1.06514,1.06541
2022.12.14 20:00:00,1.06505,1.06848,1.06793,1.06514
2022.12.14 21:00:00,1.06204,1.06781,1.06637,1.06388
2022.12.14 22:00:00,1.06617,1.06951,1.06795,1.06637
2022.12.14 23:00:00,1.06762,1.06869,1.06819,1.06795
2022.12.15 00:00:00,1.06788,1.06823,1.06801,1.06811
2022.12.15 01:00:00,1.06714,1.06804,1.06755,1.06795
2022.12.15 02:00:00,1.06666,1.06827,1.06792,1.06756
2022.12.15 03:00:00,1.06599,1.06803,1.06621,1.06792
2022.12.15 04:00:00,1.06544,1.0665,1.06582,1.06622
2022.12.15 05:00:00,1.06538,1.06599,1.06546,1.06582
2022.12.15 06:00:00,1.06466,1.06551,1.06477,1.06547
2022.12.15 07:00:00,1.06457,1.06593,1.06583,1.06477
2022.12.15 08:00:00,1.06534,1.06609,1.06548,1.06583
2022.12.15 09:00:00,1.064,1.06566,1.06411,1.06546
2022.12.15 10:00:00,1.06204,1.06468,1.06217,1.06412
2022.12.15 11:00:00,1.06057,1.0623,1.06219,1.06217
2022.12.15 12:00:00,1.06158,1.06277,1.06159,1.06219
2022.12.15 13:00:00,1.06068,1.06245,1.0624,1.06159
2022.12.15 14:00:00,1.0614,1.0628,1.06229,1.06244
2022.12.15 15:00:00,1.06141,1.0668,1.06526,1.0623
2022.12.15 16:00:00,1.06484,1.07363,1.06991,1.06525
2022.12.15 17:00:00,1.06231,1.07046,1.06485,1.06991
2022.12.15 18:00:00,1.06285,1.06566,1.06369,1.06485
2022.12.15 19:00:00,1.05929,1.06386,1.05991,1.06375
2022.12.15 20:00:00,1.05922,1.06239,1.06224,1.05999
2022.12.15 21:00:00,1.06193,1.06372,1.0631,1.06224
2022.12.15 22:00:00,1.06214,1.06384,1.06252,1.06309
2022.12.15 23:00:00,1.06199,1.06276,1.06259,1.06252
2022.12.16 00:00:00,1.062,1.06289,1.06276,1.06236
2022.12.16 01:00:00,1.06243,1.06387,1.06383,1.06276
2022.12.16 02:00:00,1.06343,1.0643,1.06407,1.06383
2022.12.16 03:00:00,1.06386,1.06471,1.06417,1.06406
2022.12.16 04:00:00,1.06409,1.06625,1.0651,1.06418
2022.12.16 05:00:00,1.06454,1.06534,1.06478,1.06508
2022.12.16 06:00:00,1.06437,1.06516,1.06462,1.06478
2022.12.16 07:00:00,1.06407,1.0648,1.06457,1.06462
2022.12.16 08:00:00,1.06424,1.06606,1.06562,1.06454
2022.12.16 09:00:00,1.06307,1.06631,1.06312,1.06559
2022.12.16 10:00:00,1.06254,1.06608,1.06555,1.06313
2022.12.16 11:00:00,1.061,1.06576,1.06113,1.06555
2022.12.16 12:00:00,1.06092,1.06287,1.06236,1.06112
2022.12.16 13:00:00,1.06203,1.06397,1.06353,1.06234
2022.12.16 14:00:00,1.06172,1.06382,1.06217,1.06353
2022.12.16 15:00:00,1.06135,1.06361,1.06342,1.06217
2022.12.16 16:00:00,1.06169,1.06489,1.06436,1.06344
2022.12.16 17:00:00,1.06081,1.06437,1.06167,1.06436
2022.12.16 18:00:00,1.05976,1.06248,1.06093,1.06172
2022.12.16 19:00:00,1.06041,1.06193,1.06052,1.06093
2022.12.16 20:00:00,1.06032,1.06174,1.06151,1.06052
2022.12.16 21:00:00,1.05954,1.06155,1.05995,1.06151
2022.12.16 22:00:00,1.05917,1.06063,1.05925,1.05995
2022.12.16 23:00:00,1.05849,1.05959,1.05891,1.05922
2022.12.19 00:00:00,1.05812,1.05982,1.05924,1.05812
2022.12.19 01:00:00,1.05819,1.05941,1.05839,1.05918
2022.12.19 02:00:00,1.05818,1.05996,1.05991,1.0584
2022.12.19 03:00:00,1.05962,1.06065,1.06064,1.05993
2022.12.19 04:00:00,1.06017,1.06129,1.06087,1.06064
2022.12.19 05:00:00,1.06018,1.06102,1.06083,1.06085
2022.12.19 06:00:00,1.06053,1.0611,1.06062,1.06084
2022.12.19 07:00:00,1.06012,1.06081,1.06076,1.06062
2022.12.19 08:00:00,1.06037,1.06343,1.06292,1.06076
2022.12.19 09:00:00,1.06214,1.0638,1.06241,1.06292
2022.12.19 10:00:00,1.06238,1.0648,1.0642,1.06244
2022.12.19 11:00:00,1.06163,1.0658,1.06177,1.06419
2022.12.19 12:00:00,1.06129,1.06352,1.06193,1.06181
2022.12.19 13:00:00,1.06043,1.06196,1.06062,1.06194
2022.12.19 14:00:00,1.06032,1.06154,1.06063,1.06062
2022.12.19 15:00:00,1.05972,1.06104,1.06061,1.06062
2022.12.19 16:00:00,1.05989,1.06134,1.06032,1.06061
2022.12.19 17:00:00,1.05756,1.06157,1.05797,1.06033
2022.12.19 18:00:00,1.05797,1.06287,1.06232,1.05798
2022.12.19 19:00:00,1.06185,1.06311,1.0625,1.06232
2022.12.19 20:00:00,1.06128,1.06264,1.06141,1.06251
2022.12.19 21:00:00,1.0601,1.06145,1.06044,1.0614
2022.12.19 22:00:00,1.06006,1.06095,1.06046,1.06046
2022.12.19 23:00:00,1.0603,1.06081,1.06064,1.06041
2022.12.20 00:00:00,1.06023,1.06071,1.06067,1.06031
2022.12.20 01:00:00,1.06038,1.06129,1.06121,1.06067
2022.12.20 02:00:00,1.05979,1.06124,1.05999,1.06121
2022.12.20 03:00:00,1.05974,1.06074,1.06053,1.05999
2022.12.20 04:00:00,1.0603,1.06152,1.06142,1.06053
2022.12.20 05:00:00,1.06018,1.06515,1.06079,1.06142
2022.12.20 06:00:00,1.06034,1.06156,1.06073,1.0608
2022.12.20 07:00:00,1.05788,1.0612,1.05863,1.06071
2022.12.20 08:00:00,1.0583,1.06015,1.05938,1.05862
2022.12.20 09:00:00,1.05918,1.06153,1.06113,1.05937
2022.12.20 10:00:00,1.06036,1.06344,1.06335,1.0611
2022.12.20 11:00:00,1.06245,1.06381,1.06372,1.06334
2022.12.20 12:00:00,1.06247,1.06399,1.06286,1.06368
2022.12.20 13:00:00,1.06207,1.06461,1.0643,1.06286
2022.12.20 14:00:00,1.06103,1.06439,1.06136,1.0643
2022.12.20 15:00:00,1.05939,1.06171,1.06157,1.06135
2022.12.20 16:00:00,1.05985,1.06361,1.06356,1.06155
2022.12.20 17:00:00,1.06283,1.06587,1.06401,1.06356
2022.12.20 18:00:00,1.06136,1.06421,1.06353,1.06401
2022.12.20 19:00:00,1.06102,1.06381,1.06151,1.06353
2022.12.20 20:00:00,1.06058,1.06174,1.06061,1.0615
2022.12.20 21:00:00,1.05994,1.06231,1.06217,1.06061
2022.12.20 22:00:00,1.06138,1.06256,1.06153,1.06216
2022.12.20 23:00:00,1.06145,1.06293,1.06218,1.06145
2022.12.21 00:00:00,1.06177,1.06268,1.06226,1.06232
2022.12.21 01:00:00,1.06221,1.06279,1.06248,1.06231
2022.12.21 02:00:00,1.06174,1.06264,1.06204,1.06248
2022.12.21 03:00:00,1.06133,1.06253,1.06198,1.06205
2022.12.21 04:00:00,1.06135,1.06258,1.0614,1.06197
2022.12.21 05:00:00,1.06127,1.0617,1.06165,1.06139
2022.12.21 06:00:00,1.06067,1.0617,1.06082,1.06165
2022.12.21 07:00:00,1.06075,1.06178,1.06176,1.0608
2022.12.21 08:00:00,1.06097,1.06177,1.06137,1.06176
2022.12.21 09:00:00,1.06107,1.06347,1.06317,1.0614
2022.12.21 10:00:00,1.06167,1.06375,1.06345,1.06317
2022.12.21 11:00:00,1.06127,1.06366,1.06144,1.06344
2022.12.21 12:00:00,1.0613,1.06288,1.06192,1.06144
2022.12.21 13:00:00,1.06047,1.06211,1.06058,1.06188
2022.12.21 14:00:00,1.06045,1.06317,1.06305,1.06059
2022.12.21 15:00:00,1.06241,1.06451,1.06286,1.06303
2022.12.21 16:00:00,1.06023,1.06285,1.06038,1.06285
2022.12.21 17:00:00,1.05959,1.06337,1.06154,1.06038
2022.12.21 18:00:00,1.05953,1.0616,1.05978,1.06157
2022.12.21 19:00:00,1.05904,1.06057,1.06007,1.05979
2022.12.21 20:00:00,1.05932,1.0612,1.06095,1.06007
2022.12.21 21:00:00,1.0609,1.06202,1.06145,1.06097
2022.12.21 22:00:00,1.06081,1.06167,1.0611,1.06145
2022.12.21 23:00:00,1.0603,1.06127,1.0604,1.06108
2022.12.22 00:00:00,1.06028,1.06071,1.06047,1.06028
2022.12.22 01:00:00,1.06041,1.06112,1.06075,1.06048
2022.12.22 02:00:00,1.06054,1.06185,1.06179,1.06075
2022.12.22 03:00:00,1.06133,1.06299,1.06295,1.06181
2022.12.22 04:00:00,1.06254,1.06334,1.06285,1.06295
2022.12.22 05:00:00,1.06284,1.06443,1.06433,1.06285
2022.12.22 06:00:00,1.06352,1.06461,1.06443,1.06435
2022.12.22 07:00:00,1.06384,1.06485,1.06401,1.06443
2022.12.22 08:00:00,1.06399,1.06495,1.06444,1.064
2022.12.22 09:00:00,1.06351,1.06472,1.06386,1.06445
2022.12.22 10:00:00,1.06261,1.06595,1.06363,1.06384
2022.12.22 11:00:00,1.06289,1.06522,1.06464,1.06363
2022.12.22 12:00:00,1.06276,1.06564,1.0628,1.06464
2022.12.22 13:00:00,1.06137,1.06298,1.06154,1.06285
2022.12.22 14:00:00,1.06139,1.0639,1.06366,1.06152
2022.12.22 15:00:00,1.06034,1.06376,1.06111,1.06369
2022.12.22 16:00:00,1.05859,1.06186,1.06083,1.0611
2022.12.22 17:00:00,1.059,1.06113,1.06017,1.06084
2022.12.22 18:00:00,1.05834,1.06061,1.05872,1.06014
2022.12.22 19:00:00,1.05822,1.05891,1.05841,1.05872
2022.12.22 20:00:00,1.05767,1.05884,1.05795,1.05841
2022.12.22 21:00:00,1.05733,1.05969,1.05929,1.05795
2022.12.22 22:00:00,1.05883,1.06033,1.05979,1.05926
2022.12.22 23:00:00,1.0591,1.06001,1.05971,1.05977
2022.12.23 00:00:00,1.05911,1.0598,1.0596,1.05948
2022.12.23 01:00:00,1.0596,1.06026,1.06006,1.0596
2022.12.23 02:00:00,1.05887,1.06041,1.05889,1.06005
2022.12.23 03:00:00,1.05865,1.06031,1.06015,1.05891
2022.12.23 04:00:00,1.06016,1.06124,1.06081,1.06016
2022.12.23 05:00:00,1.06059,1.06113,1.06074,1.06082
2022.12.23 06:00:00,1.06041,1.06102,1.06056,1.06077
2022.12.23 07:00:00,1.06027,1.06097,1.06035,1.06059
2022.12.23 08:00:00,1.06018,1.06113,1.06066,1.06034
2022.12.23 09:00:00,1.06057,1.06308,1.06282,1.06068
2022.12.23 10:00:00,1.0599,1.06282,1.06046,1.06282
2022.12.23 11:00:00,1.05962,1.06114,1.06098,1.06046
2022.12.23 12:00:00,1.06073,1.06229,1.06196,1.06098
2022.12.23 13:00:00,1.06099,1.06267,1.06139,1.06196
2022.12.23 14:00:00,1.06051,1.06241,1.06212,1.06138
2022.12.23 15:00:00,1.05945,1.0633,1.06081,1.06213
2022.12.23 16:00:00,1.0592,1.06195,1.06099,1.06078
2022.12.23 17:00:00,1.06067,1.06322,1.06137,1.06124
2022.12.23 18:00:00,1.06096,1.06255,1.06207,1.06137
2022.12.23 19:00:00,1.0619,1.063,1.06201,1.06207
2022.12.23 20:00:00,1.06061,1.06218,1.06095,1.06201
2022.12.23 21:00:00,1.06053,1.06227,1.06199,1.06084
2022.12.23 22:00:00,1.06126,1.06208,1.06158,1.06199
2022.12.23 23:00:00,1.06117,1.06194,1.06163,1.06157
2022.12.26 09:00:00,1.06265,1.06308,1.06267,1.06282
2022.12.26 10:00:00,1.0615,1.06275,1.06196,1.06267
2022.12.26 11:00:00,1.06141,1.06251,1.06222,1.06183
2022.12.26 12:00:00,1.06208,1.06247,1.06247,1.06222
2022.12.26 13:00:00,1.06232,1.06258,1.06246,1.06247
2022.12.26 14:00:00,1.06161,1.0627,1.06188,1.06247
2022.12.26 15:00:00,1.06188,1.06323,1.06272,1.06188
2022.12.26 16:00:00,1.06218,1.06324,1.06218,1.06271
2022.12.26 17:00:00,1.06217,1.06278,1.06237,1.06218
2022.12.26 18:00:00,1.06232,1.06288,1.06235,1.06237
2022.12.26 19:00:00,1.06228,1.06301,1.0628,1.06235
2022.12.26 20:00:00,1.06237,1.06288,1.06263,1.06279
2022.12.26 21:00:00,1.06249,1.06275,1.06265,1.06265
2022.12.26 22:00:00,1.06262,1.06338,1.06304,1.06265
2022.12.26 23:00:00,1.063,1.06366,1.06352,1.06328
2022.12.27 00:00:00,1.06325,1.0636,1.06342,1.06356
2022.12.27 01:00:00,1.06277,1.06457,1.06395,1.06344
2022.12.27 02:00:00,1.06345,1.06455,1.06425,1.06395
2022.12.27 03:00:00,1.06408,1.0653,1.06519,1.0643
2022.12.27 04:00:00,1.06431,1.06604,1.06471,1.06517
2022.12.27 05:00:00,1.06351,1.06474,1.06395,1.06474
2022.12.27 06:00:00,1.06385,1.06455,1.0645,1.06395
2022.12.27 07:00:00,1.06427,1.0657,1.06553,1.06451
2022.12.27 08:00:00,1.06531,1.06648,1.06639,1.06556
2022.12.27 09:00:00,1.06432,1.06676,1.06451,1.06641
2022.12.27 10:00:00,1.06382,1.0658,1.06517,1.06452
2022.12.27 11:00:00,1.0648,1.06641,1.06604,1.06517
2022.12.27 12:00:00,1.06515,1.06696,1.06657,1.06607
2022.12.27 13:00:00,1.06527,1.06691,1.06546,1.06657
2022.12.27 14:00:00,1.06318,1.06574,1.06349,1.06545
2022.12.27 15:00:00,1.06192,1.0637,1.06275,1.06351
2022.12.27 16:00:00,1.06116,1.06296,1.06258,1.06275
2022.12.27 17:00:00,1.06241,1.06545,1.06499,1.06259
2022.12.27 18:00:00,1.06461,1.06605,1.06529,1.06498
2022.12.27 19:00:00,1.06335,1.06532,1.06371,1.06528
2022.12.27 20:00:00,1.06356,1.06515,1.06488,1.06371
2022.12.27 21:00:00,1.06377,1.06564,1.06415,1.06488
2022.12.27 22:00:00,1.06383,1.06469,1.06414,1.06415
2022.12.27 23:00:00,1.06354,1.06414,1.0639,1.06413
2022.12.28 00:00:00,1.06353,1.06423,1.06383,1.06389
2022.12.28 01:00:00,1.06302,1.06396,1.06363,1.06383
2022.12.28 02:00:00,1.06243,1.06424,1.06278,1.06365
2022.12.28 03:00:00,1.06267,1.06425,1.0642,1.0628
2022.12.28 04:00:00,1.06352,1.06421,1.06362,1.06421
2022.12.28 05:00:00,1.06318,1.06422,1.06373,1.06362
2022.12.28 06:00:00,1.0636,1.06443,1.06417,1.06374
2022.12.28 07:00:00,1.06403,1.06471,1.06459,1.06417
2022.12.28 08:00:00,1.06443,1.06522,1.06462,1.06462
2022.12.28 09:00:00,1.06437,1.06546,1.06457,1.06458
2022.12.28 10:00:00,1.06343,1.06482,1.06362,1.06455
2022.12.28 11:00:00,1.06278,1.06398,1.06371,1.06362
2022.12.28 12:00:00,1.06293,1.06432,1.06339,1.06371
2022.12.28 13:00:00,1.06316,1.06524,1.06466,1.0634
2022.12.28 14:00:00,1.06366,1.06578,1.06462,1.06468
2022.12.28 15:00:00,1.06337,1.065,1.06418,1.06462
2022.12.28 16:00:00,1.06394,1.06744,1.06575,1.06418
2022.12.28 17:00:00,1.06115,1.06622,1.06188,1.06577
2022.12.28 18:00:00,1.06128,1.06275,1.06213,1.0619
2022.12.28 19:00:00,1.06162,1.0633,1.06291,1.06214
2022.12.28 20:00:00,1.06197,1.06358,1.062,1.06291
2022.12.28 21:00:00,1.06146,1.06275,1.06173,1.062
2022.12.28 22:00:00,1.06078,1.06179,1.0608,1.06169
2022.12.28 23:00:00,1.06063,1.06126,1.06115,1.06081
2022.12.29 00:00:00,1.06055,1.06157,1.06156,1.06091
2022.12.29 01:00:00,1.06135,1.06289,1.06286,1.06156
2022.12.29 02:00:00,1.0623,1.06373,1.06342,1.06283
2022.12.29 03:00:00,1.06269,1.06342,1.06281,1.06342
2022.12.29 04:00:00,1.06255,1.06326,1.06257,1.06277
2022.12.29 05:00:00,1.06198,1.06277,1.06228,1.06257
2022.12.29 06:00:00,1.0619,1.06257,1.06251,1.06231
2022.12.29 07:00:00,1.06211,1.06287,1.06247,1.06251
2022.12.29 08:00:00,1.0611,1.06269,1.06143,1.06251
2022.12.29 09:00:00,1.06119,1.0625,1.06235,1.06136
2022.12.29 10:00:00,1.06224,1.0643,1.06303,1.06234
2022.12.29 11:00:00,1.06303,1.06583,1.06564,1.06303
2022.12.29 12:00:00,1.06315,1.06566,1.06362,1.06564
2022.12.29 13:00:00,1.06325,1.06409,1.06381,1.06362
2022.12.29 14:00:00,1.06366,1.06534,1.06525,1.06382
2022.12.29 15:00:00,1.0645,1.06673,1.06549,1.06525
2022.12.29 16:00:00,1.06386,1.06701,1.06448,1.06552
2022.12.29 17:00:00,1.06362,1.06698,1.0667,1.06448
2022.12.29 18:00:00,1.06567,1.06709,1.06663,1.06672
2022.12.29 19:00:00,1.06648,1.06904,1.06819,1.06666
2022.12.29 20:00:00,1.06711,1.06836,1.0675,1.0682
2022.12.29 21:00:00,1.06735,1.06793,1.06782,1.06749
2022.12.29 22:00:00,1.06658,1.06781,1.06681,1.06781
2022.12.29 23:00:00,1.06598,1.06715,1.0661,1.06681
2022.12.30 00:00:00,1.0658,1.06645,1.06598,1.06607
2022.12.30 01:00:00,1.06541,1.06617,1.06604,1.06598
2022.12.30 02:00:00,1.06589,1.06684,1.06683,1.06606
2022.12.30 03:00:00,1.06569,1.06695,1.06603,1.0668
2022.12.30 04:00:00,1.06547,1.06603,1.06582,1.06603
2022.12.30 05:00:00,1.06569,1.06632,1.0659,1.06582
2022.12.30 06:00:00,1.06516,1.06592,1.06549,1.06585
2022.12.30 07:00:00,1.0642,1.06579,1.06433,1.0655
2022.12.30 08:00:00,1.06404,1.06503,1.06444,1.06432
2022.12.30 09:00:00,1.06386,1.06511,1.06508,1.06444
2022.12.30 10:00:00,1.06499,1.06747,1.06708,1.06509
2022.12.30 11:00:00,1.06512,1.06715,1.06546,1.06707
2022.12.30 12:00:00,1.06533,1.06763,1.06696,1.06548
2022.12.30 13:00:00,1.06696,1.06987,1.06761,1.06696
2022.12.30 14:00:00,1.06712,1.06881,1.06722,1.06761
2022.12.30 15:00:00,1.0645,1.06804,1.06684,1.06721
2022.12.30 16:00:00,1.06614,1.07012,1.06886,1.06685
2022.12.30 17:00:00,1.06593,1.06898,1.06723,1.06885
2022.12.30 18:00:00,1.06707,1.06972,1.06966,1.06723
2022.12.30 19:00:00,1.06962,1.07115,1.07105,1.06966
2022.12.30 20:00:00,1.07004,1.07133,1.07023,1.07112
2022.12.30 21:00:00,1.06944,1.07087,1.06991,1.0701
2022.12.30 22:00:00,1.06916,1.07075,1.07047,1.0699
2022.12.30 23:00:00,1.06962,1.07066,1.06976,1.07048
2023.01.02 07:00:00,1.06909,1.07017,1.06967,1.07016
2023.01.02 08:00:00,1.06754,1.06989,1.06935,1.06971
2023.01.02 09:00:00,1.06636,1.0692,1.06791,1.06916
2023.01.02 10:00:00,1.06713,1.0698,1.06788,1.06791
2023.01.02 11:00:00,1.06769,1.07005,1.06784,1.06789
2023.01.02 12:00:00,1.06749,1.06898,1.06836,1.06788
2023.01.02 13:00:00,1.06804,1.06866,1.06846,1.06836
2023.01.02 14:00:00,1.06783,1.06871,1.0682,1.06845
2023.01.02 15:00:00,1.06777,1.06863,1.06788,1.06821
2023.01.02 16:00:00,1.06703,1.06819,1.06725,1.06787
2023.01.02 17:00:00,1.06585,1.0674,1.06603,1.06724
2023.01.02 18:00:00,1.0651,1.06696,1.06554,1.06602
2023.01.02 19:00:00,1.06544,1.06621,1.06607,1.06549
2023.01.02 20:00:00,1.06522,1.06611,1.06526,1.06604
2023.01.02 21:00:00,1.06499,1.06577,1.06574,1.06525
2023.01.02 22:00:00,1.06559,1.06685,1.0667,1.06575
2023.01.02 23:00:00,1.0658,1.06727,1.06665,1.06651
2023.01.03 00:00:00,1.06628,1.06652,1.06648,1.06642
2023.01.03 01:00:00,1.06493,1.0683,1.06762,1.06655
2023.01.03 02:00:00,1.06665,1.06781,1.06706,1.06762
2023.01.03 03:00:00,1.06503,1.06742,1.06597,1.06705
2023.01.03 04:00:00,1.06575,1.06778,1.06766,1.06596
2023.01.03 05:00:00,1.06687,1.06784,1.06724,1.06765
2023.01.03 06:00:00,1.06668,1.06802,1.0667,1.06724
2023.01.03 07:00:00,1.06588,1.06709,1.06637,1.0667
2023.01.03 08:00:00,1.06516,1.06677,1.06522,1.06637
2023.01.03 09:00:00,1.06198,1.06588,1.06234,1.06523
2023.01.03 10:00:00,1.05505,1.06284,1.0552,1.06234
2023.01.03 11:00:00,1.05339,1.05611,1.05476,1.0552
2023.01.03 12:00:00,1.05252,1.05551,1.05311,1.05479
2023.01.03 13:00:00,1.05196,1.0536,1.05285,1.05312
2023.01.03 14:00:00,1.0524,1.05492,1.05357,1.05284
2023.01.03 15:00:00,1.05305,1.057,1.05604,1.05356
2023.01.03 16:00:00,1.05554,1.05974,1.05743,1.05604
2023.01.03 17:00:00,1.05543,1.05822,1.05555,1.05747
2023.01.03 18:00:00,1.05372,1.0559,1.05581,1.05554
2023.01.03 19:00:00,1.05403,1.05593,1.05461,1.05582
2023.01.03 20:00:00,1.05433,1.05609,1.05567,1.05463
2023.01.03 21:00:00,1.05552,1.05686,1.05665,1.05567
2023.01.03 22:00:00,1.05505,1.05689,1.05516,1.05668
2023.01.03 23:00:00,1.05459,1.0554,1.0547,1.05517
2023.01.04 00:00:00,1.05428,1.05471,1.05462,1.05465
2023.01.04 01:00:00,1.05402,1.05539,1.05455,1.05462
2023.01.04 02:00:00,1.05453,1.05612,1.05579,1.05455
2023.01.04 03:00:00,1.05569,1.05691,1.05667,1.05583
2023.01.04 04:00:00,1.05612,1.05694,1.05646,1.05667
2023.01.04 05:00:00,1.05646,1.05698,1.05686,1.0565
2023.01.04 06:00:00,1.05656,1.05743,1.05729,1.05687
2023.01.04 07:00:00,1.05647,1.05784,1.05693,1.05725
2023.01.04 08:00:00,1.05594,1.0575,1.05701,1.05693
2023.01.04 09:00:00,1.0567,1.06058,1.05937,1.05692
2023.01.04 10:00:00,1.05903,1.06354,1.0616,1.05936
2023.01.04 11:00:00,1.06056,1.06301,1.06109,1.06155
2023.01.04 12:00:00,1.06085,1.06229,1.06207,1.06109
2023.01.04 13:00:00,1.06023,1.06244,1.06045,1.06207
2023.01.04 14:00:00,1.05987,1.06112,1.06071,1.06045
2023.01.04 15:00:00,1.05949,1.06197,1.06105,1.06075
2023.01.04 16:00:00,1.06023,1.06286,1.06243,1.06106
2023.01.04 17:00:00,1.05812,1.06251,1.06034,1.06239
2023.01.04 18:00:00,1.05928,1.06208,1.06191,1.06034
2023.01.04 19:00:00,1.06048,1.06201,1.06074,1.06194
2023.01.04 20:00:00,1.05956,1.06129,1.05991,1.06074
2023.01.04 21:00:00,1.05851,1.06068,1.06056,1.05992
2023.01.04 22:00:00,1.06012,1.06103,1.06035,1.06056
2023.01.04 23:00:00,1.0601,1.06082,1.0603,1.06039
2023.01.05 00:00:00,1.05973,1.06091,1.0605,1.06015
2023.01.05 01:00:00,1.06017,1.06112,1.06061,1.06065
2023.01.05 02:00:00,1.0603,1.06311,1.06289,1.06056
2023.01.05 03:00:00,1.06184,1.06315,1.06204,1.06289
2023.01.05 04:00:00,1.06088,1.06202,1.06174,1.06202
2023.01.05 05:00:00,1.06061,1.06196,1.06069,1.06174
2023.01.05 06:00:00,1.06036,1.06114,1.06043,1.06068
2023.01.05 07:00:00,1.06017,1.06106,1.06106,1.06043
2023.01.05 08:00:00,1.06028,1.062,1.06034,1.06107
2023.01.05 09:00:00,1.05902,1.06123,1.06055,1.06027
2023.01.05 10:00:00,1.06051,1.06279,1.06202,1.06055
2023.01.05 11:00:00,1.06096,1.06291,1.06235,1.062
2023.01.05 12:00:00,1.061,1.0626,1.06187,1.06238
2023.01.05 13:00:00,1.06031,1.06221,1.06111,1.06188
2023.01.05 14:00:00,1.05982,1.06175,1.05995,1.06111
2023.01.05 15:00:00,1.05514,1.06083,1.05524,1.05995
2023.01.05 16:00:00,1.05358,1.05621,1.05393,1.05524
2023.01.05 17:00:00,1.0515,1.05675,1.05185,1.05393
2023.01.05 18:00:00,1.05173,1.0532,1.05211,1.05185
2023.01.05 19:00:00,1.05187,1.05333,1.05299,1.05211
2023.01.05 20:00:00,1.05292,1.05433,1.0536,1.05299
2023.01.05 21:00:00,1.0529,1.05387,1.05302,1.05362
2023.01.05 22:00:00,1.05201,1.05307,1.05201,1.05301
2023.01.05 23:00:00,1.05152,1.05229,1.05207,1.0521
2023.01.06 00:00:00,1.05178,1.05232,1.05198,1.05205
2023.01.06 01:00:00,1.05185,1.05257,1.05206,1.05203
2023.01.06 02:00:00,1.05189,1.05312,1.0529,1.05209
2023.01.06 03:00:00,1.05225,1.05326,1.0525,1.05292
2023.01.06 04:00:00,1.0525,1.05338,1.05265,1.05251
2023.01.06 05:00:00,1.05259,1.05362,1.05321,1.05266
2023.01.06 06:00:00,1.05242,1.05345,1.05243,1.05317
2023.01.06 07:00:00,1.05106,1.05253,1.05143,1.05244
2023.01.06 08:00:00,1.05104,1.05224,1.05127,1.05148
2023.01.06 09:00:00,1.05072,1.05227,1.05127,1.05124
2023.01.06 10:00:00,1.05112,1.0531,1.05186,1.05128
2023.01.06 11:00:00,1.04968,1.05196,1.05075,1.05185
2023.01.06 12:00:00,1.05032,1.05161,1.05077,1.05075
2023.01.06 13:00:00,1.04924,1.05113,1.04943,1.05077
2023.01.06 14:00:00,1.04832,1.04966,1.04946,1.04947
2023.01.06 15:00:00,1.04865,1.0545,1.05426,1.04947
2023.01.06 16:00:00,1.05011,1.05432,1.05088,1.05426
2023.01.06 17:00:00,1.05242,1.06125,1.06019,1.05355
2023.01.06 18:00:00,1.05967,1.06226,1.06187,1.06018
2023.01.06 19:00:00,1.06166,1.06382,1.06377,1.06187
2023.01.06 20:00:00,1.06295,1.06437,1.06378,1.06378
2023.01.06 21:00:00,1.06378,1.06479,1.06456,1.06378
2023.01.06 22:00:00,1.06427,1.06481,1.06462,1.06456
2023.01.06 23:00:00,1.06418,1.06461,1.06427,1.06461
2023.01.09 00:00:00,1.0636,1.06404,1.06388,1.06394
2023.01.09 01:00:00,1.06394,1.06628,1.06623,1.06394
2023.01.09 02:00:00,1.06516,1.06675,1.06612,1.06623
2023.01.09 03:00:00,1.06551,1.06719,1.06667,1.06613
2023.01.09 04:00:00,1.06663,1.06777,1.0677,1.06667
2023.01.09 05:00:00,1.06659,1.06769,1.06675,1.06769
2023.01.09 06:00:00,1.06667,1.06784,1.06766,1.06673
2023.01.09 07:00:00,1.06731,1.06831,1.06772,1.06765
2023.01.09 08:00:00,1.06756,1.06863,1.06818,1.06772
2023.01.09 09:00:00,1.06683,1.06949,1.06733,1.06819
2023.01.09 10:00:00,1.06725,1.06997,1.06904,1.06733
2023.01.09 11:00:00,1.06599,1.06936,1.06724,1.06904
2023.01.09 12:00:00,1.06614,1.06766,1.0669,1.06727
2023.01.09 13:00:00,1.06675,1.06857,1.06843,1.06693
2023.01.09 14:00:00,1.06809,1.06937,1.06889,1.06839
2023.01.09 15:00:00,1.06853,1.07319,1.07252,1.06889
2023.01.09 16:00:00,1.07115,1.07383,1.07282,1.07253
2023.01.09 17:00:00,1.07278,1.07493,1.07403,1.07282
2023.01.09 18:00:00,1.07402,1.07607,1.07582,1.07403
2023.01.09 19:00:00,1.07399,1.07601,1.07503,1.07582
2023.01.09 20:00:00,1.07377,1.07542,1.07433,1.07503
2023.01.09 21:00:00,1.07415,1.07529,1.07518,1.07431
2023.01.09 22:00:00,1.07305,1.07539,1.07311,1.07518
2023.01.09 23:00:00,1.07301,1.07353,1.07318,1.07311
2023.01.10 00:00:00,1.07243,1.0732,1.07315,1.07293
2023.01.10 01:00:00,1.07272,1.0738,1.07325,1.07315
2023.01.10 02:00:00,1.07204,1.07382,1.07275,1.07324
2023.01.10 03:00:00,1.07259,1.07397,1.07362,1.07274
2023.01.10 04:00:00,1.07212,1.07425,1.07308,1.07362
2023.01.10 05:00:00,1.07257,1.07343,1.07324,1.07311
2023.01.10 06:00:00,1.0728,1.07341,1.07307,1.07325
2023.01.10 07:00:00,1.07295,1.07441,1.07427,1.07307
2023.01.10 08:00:00,1.07262,1.07434,1.07341,1.0743
2023.01.10 09:00:00,1.07222,1.07397,1.07318,1.07346
2023.01.10 10:00:00,1.07313,1.07473,1.07386,1.07318
2023.01.10 11:00:00,1.07296,1.07518,1.07461,1.07385
2023.01.10 12:00:00,1.07342,1.07461,1.07365,1.07461
2023.01.10 13:00:00,1.07319,1.07426,1.07352,1.07365
2023.01.10 14:00:00,1.07154,1.07355,1.07194,1.0735
2023.01.10 15:00:00,1.07121,1.07254,1.07217,1.07195
2023.01.10 16:00:00,1.07216,1.07593,1.07407,1.07219
2023.01.10 17:00:00,1.07218,1.07532,1.07277,1.07406
2023.01.10 18:00:00,1.07242,1.0742,1.07365,1.07277
2023.01.10 19:00:00,1.07298,1.07438,1.07334,1.07365
2023.01.10 20:00:00,1.07275,1.07397,1.0738,1.07334
2023.01.10 21:00:00,1.07364,1.07432,1.0741,1.07381
2023.01.10 22:00:00,1.07306,1.07441,1.07361,1.07409
2023.01.10 23:00:00,1.07318,1.07377,1.07334,1.07366
2023.01.11 00:00:00,1.07307,1.07368,1.07342,1.07329
2023.01.11 01:00:00,1.07315,1.07389,1.07383,1.07347
2023.01.11 02:00:00,1.07372,1.07451,1.07451,1.07383
2023.01.11 03:00:00,1.07252,1.07451,1.0731,1.07451
2023.01.11 04:00:00,1.07267,1.0738,1.07268,1.07308
2023.01.11 05:00:00,1.07263,1.07367,1.07334,1.07268
2023.01.11 06:00:00,1.0732,1.07394,1.07386,1.0734
2023.01.11 07:00:00,1.0737,1.07568,1.07478,1.07387
2023.01.11 08:00:00,1.07459,1.07552,1.07459,1.0748
2023.01.11 09:00:00,1.07437,1.07575,1.07469,1.07459
2023.01.11 10:00:00,1.07289,1.07489,1.07298,1.07469
2023.01.11 11:00:00,1.07255,1.07483,1.07417,1.07298
2023.01.11 12:00:00,1.07401,1.07513,1.07493,1.07417
2023.01.11 13:00:00,1.07436,1.07555,1.07485,1.07493
2023.01.11 14:00:00,1.07282,1.07489,1.07407,1.07485
2023.01.11 15:00:00,1.07393,1.07529,1.07499,1.07407
2023.01.11 16:00:00,1.07451,1.07765,1.07699,1.07499
2023.01.11 17:00:00,1.0752,1.07749,1.0755,1.07699
2023.01.11 18:00:00,1.07377,1.07619,1.07388,1.07551
2023.01.11 19:00:00,1.07364,1.07486,1.07468,1.0739
2023.01.11 20:00:00,1.0735,1.07671,1.07533,1.07467
2023.01.11 21:00:00,1.07477,1.07638,1.07634,1.07533
2023.01.11 22:00:00,1.07525,1.07634,1.07539,1.07634
2023.01.11 23:00:00,1.07517,1.0758,1.07556,1.07537
2023.01.12 00:00:00,1.0749,1.07603,1.07557,1.07535
2023.01.12 01:00:00,1.0756,1.07674,1.07655,1.07584
2023.01.12 02:00:00,1.07599,1.07746,1.07611,1.07655
2023.01.12 03:00:00,1.07605,1.07675,1.07667,1.07612
2023.01.12 04:00:00,1.07615,1.07689,1.0767,1.07667
2023.01.12 05:00:00,1.07649,1.07712,1.07686,1.0767
2023.01.12 06:00:00,1.0766,1.07736,1.07716,1.07686
2023.01.12 07:00:00,1.07624,1.07752,1.07628,1.07718
2023.01.12 08:00:00,1.07567,1.0769,1.07574,1.07628
2023.01.12 09:00:00,1.07556,1.07652,1.07627,1.07571
2023.01.12 10:00:00,1.07455,1.07647,1.07481,1.07626
2023.01.12 11:00:00,1.07427,1.07735,1.07655,1.07478
2023.01.12 12:00:00,1.07518,1.07685,1.07625,1.07654
2023.01.12 13:00:00,1.07591,1.07667,1.07617,1.07625
2023.01.12 14:00:00,1.07549,1.07667,1.07629,1.07618
2023.01.12 15:00:00,1.07302,1.08386,1.08291,1.07628
2023.01.12 16:00:00,1.07515,1.08337,1.07677,1.08291
2023.01.12 17:00:00,1.07637,1.08097,1.0807,1.07677
2023.01.12 18:00:00,1.08025,1.0826,1.08225,1.08069
2023.01.12 19:00:00,1.08214,1.0849,1.08487,1.08226
2023.01.12 20:00:00,1.08463,1.0867,1.08557,1.08487
2023.01.12 21:00:00,1.08397,1.08561,1.08494,1.08557
2023.01.12 22:00:00,1.08413,1.08524,1.08522,1.08493
2023.01.12 23:00:00,1.08488,1.08551,1.08515,1.08523
2023.01.13 00:00:00,1.08385,1.08497,1.08465,1.08497
2023.01.13 01:00:00,1.08452,1.08599,1.08597,1.08464
2023.01.13 02:00:00,1.08511,1.08678,1.08522,1.08595
2023.01.13 03:00:00,1.08455,1.08562,1.08554,1.08522
2023.01.13 04:00:00,1.08314,1.08563,1.08445,1.08555
2023.01.13 05:00:00,1.08414,1.08475,1.08454,1.08449
2023.01.13 06:00:00,1.08376,1.08463,1.08397,1.08454
2023.01.13 07:00:00,1.08319,1.08435,1.08372,1.08398
2023.01.13 08:00:00,1.08337,1.0851,1.08451,1.08372
2023.01.13 09:00:00,1.08332,1.08489,1.08489,1.08453
2023.01.13 10:00:00,1.08371,1.08645,1.08554,1.08488
2023.01.13 11:00:00,1.08333,1.08603,1.08426,1.08554
2023.01.13 12:00:00,1.08372,1.08518,1.08452,1.08425
2023.01.13 13:00:00,1.08084,1.08458,1.08121,1.08453
2023.01.13 14:00:00,1.08034,1.0816,1.08119,1.08121
2023.01.13 15:00:00,1.07926,1.08203,1.07937,1.0812
2023.01.13 16:00:00,1.07805,1.08202,1.08181,1.07938
2023.01.13 17:00:00,1.08122,1.08388,1.08296,1.08173
2023.01.13 18:00:00,1.08012,1.08336,1.08102,1.08294
2023.01.13 19:00:00,1.08067,1.08318,1.08283,1.08102
2023.01.13 20:00:00,1.08182,1.08346,1.08312,1.08283
2023.01.13 21:00:00,1.08267,1.08353,1.08293,1.08312
2023.01.13 22:00:00,1.08271,1.08358,1.08325,1.08293
2023.01.13 23:00:00,1.08285,1.08345,1.08323,1.08329
2023.01.16 00:00:00,1.08287,1.08348,1.08309,1.08295
2023.01.16 01:00:00,1.08193,1.0832,1.08226,1.08306
2023.01.16 02:00:00,1.08208,1.08442,1.08416,1.08227
2023.01.16 03:00:00,1.08405,1.0872,1.0868,1.08416
2023.01.16 04:00:00,1.08656,1.08742,1.08667,1.0868
2023.01.16 05:00:00,1.0859,1.08674,1.086,1.08667
2023.01.16 06:00:00,1.08508,1.08639,1.08528,1.086
2023.01.16 07:00:00,1.08525,1.08611,1.08605,1.08531
2023.01.16 08:00:00,1.0836,1.08606,1.08395,1.08603
2023.01.16 09:00:00,1.08268,1.08424,1.08312,1.08395
2023.01.16 10:00:00,1.08024,1.08321,1.08036,1.08307
2023.01.16 11:00:00,1.08016,1.08241,1.0821,1.08035
2023.01.16 12:00:00,1.08207,1.08336,1.08301,1.0821
2023.01.16 13:00:00,1.0824,1.08367,1.08271,1.08301
2023.01.16 14:00:00,1.08145,1.08284,1.08153,1.0827
2023.01.16 15:00:00,1.0806,1.08202,1.08159,1.08152
2023.01.16 16:00:00,1.0814,1.08256,1.0822,1.08159
2023.01.16 17:00:00,1.08163,1.08293,1.08252,1.08221
2023.01.16 18:00:00,1.08174,1.08264,1.08248,1.08253
2023.01.16 19:00:00,1.08118,1.08267,1.08139,1.08247
2023.01.16 20:00:00,1.08109,1.08148,1.08129,1.08138
2023.01.16 21:00:00,1.08125,1.08194,1.08194,1.0813
2023.01.16 22:00:00,1.08175,1.08207,1.08203,1.08194
2023.01.16 23:00:00,1.08189,1.08247,1.0821,1.08205
2023.01.17 00:00:00,1.08162,1.08222,1.08219,1.08197
2023.01.17 01:00:00,1.08198,1.08319,1.08297,1.08219
2023.01.17 02:00:00,1.08256,1.08337,1.08287,1.08297
2023.01.17 03:00:00,1.08141,1.08317,1.08171,1.08287
2023.01.17 04:00:00,1.0806,1.08327,1.08143,1.08169
2023.01.17 05:00:00,1.08137,1.08285,1.08251,1.08143
2023.01.17 06:00:00,1.08221,1.08287,1.0826,1.08251
2023.01.17 07:00:00,1.0822,1.08325,1.08311,1.0826
2023.01.17 08:00:00,1.08136,1.08356,1.08146,1.0831
2023.01.17 09:00:00,1.0812,1.08297,1.08282,1.08146
2023.01.17 10:00:00,1.08231,1.08388,1.08274,1.08282
2023.01.17 11:00:00,1.0811,1.08311,1.08172,1.08273
2023.01.17 12:00:00,1.08088,1.08275,1.08217,1.08174
2023.01.17 13:00:00,1.08136,1.08339,1.08322,1.08217
2023.01.17 14:00:00,1.08223,1.08578,1.08529,1.08326
2023.01.17 15:00:00,1.08362,1.08581,1.08426,1.08527
2023.01.17 16:00:00,1.08421,1.08694,1.08628,1.08427
2023.01.17 17:00:00,1.07952,1.08639,1.08017,1.08631
2023.01.17 18:00:00,1.0786,1.08092,1.07925,1.08017
2023.01.17 19:00:00,1.07745,1.07986,1.07822,1.07929
2023.01.17 20:00:00,1.07799,1.07967,1.07953,1.07822
2023.01.17 21:00:00,1.07915,1.08038,1.07935,1.07954
2023.01.17 22:00:00,1.07868,1.07971,1.07937,1.07934
2023.01.17 23:00:00,1.07872,1.07939,1.07876,1.07933
2023.01.18 00:00:00,1.07862,1.07932,1.079,1.07879
2023.01.18 01:00:00,1.07853,1.07932,1.07895,1.07906
2023.01.18 02:00:00,1.07824,1.07913,1.07843,1.07895
2023.01.18 03:00:00,1.07832,1.07963,1.07962,1.07843
2023.01.18 04:00:00,1.07661,1.07993,1.0787,1.07962
2023.01.18 05:00:00,1.07681,1.07891,1.07731,1.07874
2023.01.18 06:00:00,1.07671,1.07776,1.07745,1.07731
2023.01.18 07:00:00,1.07679,1.07802,1.07797,1.07745
2023.01.18 08:00:00,1.07793,1.0791,1.07895,1.07794
2023.01.18 09:00:00,1.07893,1.08367,1.08256,1.07897
2023.01.18 10:00:00,1.08255,1.08514,1.08434,1.08258
2023.01.18 11:00:00,1.08371,1.08715,1.08699,1.08435
2023.01.18 12:00:00,1.08498,1.087,1.08527,1.08699
2023.01.18 13:00:00,1.08114,1.08543,1.08152,1.08528
2023.01.18 14:00:00,1.08147,1.08338,1.0824,1.0815
2023.01.18 15:00:00,1.08223,1.08679,1.08583,1.08237
2023.01.18 16:00:00,1.08478,1.08874,1.08639,1.08584
2023.01.18 17:00:00,1.08267,1.08689,1.08334,1.08639
2023.01.18 18:00:00,1.08137,1.08357,1.08269,1.08334
2023.01.18 19:00:00,1.07874,1.0828,1.07959,1.08269
2023.01.18 20:00:00,1.07868,1.07991,1.07966,1.0796
2023.01.18 21:00:00,1.07872,1.07969,1.07952,1.07966
2023.01.18 22:00:00,1.07876,1.07952,1.07893,1.07952
2023.01.18 23:00:00,1.07892,1.07974,1.07936,1.07899
2023.01.19 00:00:00,1.07873,1.07936,1.07903,1.07903
2023.01.19 01:00:00,1.07898,1.07977,1.07971,1.07903
2023.01.19 02:00:00,1.07863,1.07982,1.07875,1.07976
2023.01.19 03:00:00,1.07825,1.07956,1.07876,1.07875
2023.01.19 04:00:00,1.07822,1.07946,1.07935,1.07877
2023.01.19 05:00:00,1.07926,1.08056,1.08006,1.07935
2023.01.19 06:00:00,1.07931,1.08022,1.07955,1.08005
2023.01.19 07:00:00,1.07908,1.07982,1.07916,1.07955
2023.01.19 08:00:00,1.07909,1.08033,1.07911,1.07917
2023.01.19 09:00:00,1.07825,1.0814,1.08081,1.07914
2023.01.19 10:00:00,1.08034,1.0825,1.0817,1.08084
2023.01.19 11:00:00,1.0816,1.08293,1.08249,1.0817
2023.01.19 12:00:00,1.08154,1.08382,1.08292,1.0825
2023.01.19 13:00:00,1.08161,1.08347,1.08219,1.08291
2023.01.19 14:00:00,1.0805,1.08272,1.0809,1.08219
2023.01.19 15:00:00,1.07955,1.0823,1.08096,1.08092
2023.01.19 16:00:00,1.07951,1.08253,1.08104,1.08095
2023.01.19 17:00:00,1.07836,1.08191,1.07892,1.08104
2023.01.19 18:00:00,1.07874,1.08095,1.08092,1.07892
2023.01.19 19:00:00,1.08088,1.08247,1.08165,1.08089
2023.01.19 20:00:00,1.08131,1.08352,1.08285,1.08164
2023.01.19 21:00:00,1.08212,1.08362,1.08306,1.08285
2023.01.19 22:00:00,1.0828,1.08401,1.08292,1.08306
2023.01.19 23:00:00,1.0828,1.08348,1.08294,1.0829
2023.01.20 00:00:00,1.08264,1.08336,1.08292,1.08291
2023.01.20 01:00:00,1.08272,1.08368,1.08332,1.08292
2023.01.20 02:00:00,1.08287,1.08404,1.08311,1.08332
2023.01.20 03:00:00,1.08281,1.08437,1.08362,1.08314
2023.01.20 04:00:00,1.08314,1.0844,1.08365,1.08363
2023.01.20 05:00:00,1.08324,1.08384,1.08343,1.08365
2023.01.20 06:00:00,1.0828,1.0835,1.08297,1.08343
2023.01.20 07:00:00,1.08252,1.08356,1.08353,1.08296
2023.01.20 08:00:00,1.08238,1.08368,1.08244,1.08354
2023.01.20 09:00:00,1.08207,1.08466,1.084,1.08247
2023.01.20 10:00:00,1.08384,1.08591,1.08407,1.08403
2023.01.20 11:00:00,1.08282,1.08519,1.0831,1.08403
2023.01.20 12:00:00,1.08261,1.08474,1.08388,1.08311
2023.01.20 13:00:00,1.08246,1.08418,1.08251,1.08387
2023.01.20 14:00:00,1.08141,1.08277,1.08185,1.08252
2023.01.20 15:00:00,1.08024,1.08277,1.08065,1.08185
2023.01.20 16:00:00,1.08046,1.08262,1.08215,1.08065
2023.01.20 17:00:00,1.08183,1.08478,1.0831,1.08216
2023.01.20 18:00:00,1.08273,1.08451,1.08306,1.0831
2023.01.20 19:00:00,1.08295,1.08474,1.08438,1.08305
2023.01.20 20:00:00,1.08338,1.08504,1.08475,1.08437
2023.01.20 21:00:00,1.08457,1.08586,1.0854,1.08476
2023.01.20 22:00:00,1.08522,1.08584,1.08565,1.0854
2023.01.20 23:00:00,1.08546,1.0858,1.08557,1.08567
2023.01.23 00:00:00,1.0859,1.08655,1.0865,1.08622
2023.01.23 01:00:00,1.08613,1.08693,1.0864,1.08644
2023.01.23 02:00:00,1.0864,1.08872,1.08849,1.08642
2023.01.23 03:00:00,1.08806,1.08996,1.08949,1.08848
2023.01.23 04:00:00,1.08897,1.0899,1.08925,1.08949
2023.01.23 05:00:00,1.08926,1.0903,1.08985,1.08926
2023.01.23 06:00:00,1.08889,1.08987,1.08948,1.08986
2023.01.23 07:00:00,1.08901,1.08984,1.08922,1.08948
2023.01.23 08:00:00,1.08874,1.0913,1.09007,1.08922
2023.01.23 09:00:00,1.08923,1.09267,1.09144,1.09007
2023.01.23 10:00:00,1.08934,1.09157,1.08999,1.09142
2023.01.23 11:00:00,1.08932,1.09204,1.09118,1.08999
2023.01.23 12:00:00,1.08956,1.09153,1.08992,1.09118
2023.01.23 13:00:00,1.0879,1.09025,1.08815,1.08992
2023.01.23 14:00:00,1.08669,1.0883,1.08711,1.08815
2023.01.23 15:00:00,1.08532,1.08779,1.08589,1.08714
2023.01.23 16:00:00,1.08464,1.08683,1.08619,1.08589
2023.01.23 17:00:00,1.0847,1.08692,1.08645,1.0862
2023.01.23 18:00:00,1.08599,1.0876,1.0864,1.08645
2023.01.23 19:00:00,1.08567,1.08651,1.08624,1.0864
2023.01.23 20:00:00,1.08623,1.08732,1.08664,1.08625
2023.01.23 21:00:00,1.08478,1.08674,1.08591,1.08665
2023.01.23 22:00:00,1.08572,1.08685,1.08683,1.08591
2023.01.23 23:00:00,1.08651,1.08718,1.08715,1.08681
2023.01.24 00:00:00,1.0867,1.08715,1.08691,1.08705
2023.01.24 01:00:00,1.08673,1.08756,1.08711,1.08689
2023.01.24 02:00:00,1.08674,1.08748,1.08736,1.08711
2023.01.24 03:00:00,1.08718,1.08826,1.08809,1.08737
2023.01.24 04:00:00,1.08775,1.0883,1.08791,1.08807
2023.01.24 05:00:00,1.08731,1.08801,1.08746,1.08785
2023.01.24 06:00:00,1.08694,1.08765,1.08764,1.08746
2023.01.24 07:00:00,1.08756,1.08827,1.08784,1.08768
2023.01.24 08:00:00,1.08776,1.08919,1.08879,1.08784
2023.01.24 09:00:00,1.08834,1.0898,1.08888,1.08879
2023.01.24 10:00:00,1.08666,1.0896,1.08749,1.08888
2023.01.24 11:00:00,1.08519,1.08832,1.08609,1.08747
2023.01.24 12:00:00,1.08522,1.08665,1.0864,1.08605
2023.01.24 13:00:00,1.08537,1.08759,1.08667,1.0864
2023.01.24 14:00:00,1.08591,1.08764,1.08597,1.08667
2023.01.24 15:00:00,1.08542,1.08808,1.0866,1.08598
2023.01.24 16:00:00,1.08405,1.08701,1.08423,1.0866
2023.01.24 17:00:00,1.08352,1.08806,1.08753,1.08423
2023.01.24 18:00:00,1.08671,1.08833,1.08718,1.08753
2023.01.24 19:00:00,1.08702,1.08871,1.08833,1.08717
2023.01.24 20:00:00,1.08769,1.08889,1.08791,1.08833
2023.01.24 21:00:00,1.08741,1.08845,1.08839,1.08792
2023.01.24 22:00:00,1.08792,1.08848,1.08816,1.08842
2023.01.24 23:00:00,1.08807,1.0889,1.08879,1.08817
2023.01.25 00:00:00,1.08791,1.08876,1.08848,1.08856
2023.01.25 01:00:00,1.08828,1.08904,1.08899,1.08847
2023.01.25 02:00:00,1.08809,1.08906,1.08871,1.08897
2023.01.25 03:00:00,1.08842,1.08942,1.0893,1.08871
2023.01.25 04:00:00,1.0893,1.09015,1.08966,1.08931
2023.01.25 05:00:00,1.08926,1.08994,1.08972,1.08963
2023.01.25 06:00:00,1.08971,1.09028,1.08987,1.08973
2023.01.25 07:00:00,1.08919,1.08996,1.08976,1.08988
2023.01.25 08:00:00,1.08956,1.09113,1.09063,1.08977
2023.01.25 09:00:00,1.08788,1.09113,1.08811,1.09064
2023.01.25 10:00:00,1.08676,1.08914,1.0877,1.08811
2023.01.25 11:00:00,1.087,1.08919,1.08813,1.08769
2023.01.25 12:00:00,1.08632,1.08814,1.08659,1.08814
2023.01.25 13:00:00,1.08574,1.08697,1.08645,1.08658
2023.01.25 14:00:00,1.08586,1.08769,1.08742,1.08643
2023.01.25 15:00:00,1.08646,1.08849,1.08721,1.08739
2023.01.25 16:00:00,1.08685,1.09005,1.0894,1.08721
2023.01.25 17:00:00,1.0891,1.09236,1.09024,1.08938
2023.01.25 18:00:00,1.08742,1.09035,1.09004,1.09021
2023.01.25 19:00:00,1.08942,1.09037,1.08993,1.09006
2023.01.25 20:00:00,1.08993,1.09184,1.09093,1.08993
2023.01.25 21:00:00,1.09069,1.09151,1.09147,1.09093
2023.01.25 22:00:00,1.09065,1.09177,1.09146,1.09147
2023.01.25 23:00:00,1.09114,1.09179,1.09147,1.09142
2023.01.26 00:00:00,1.09092,1.09172,1.09124,1.09152
2023.01.26 01:00:00,1.09097,1.09227,1.09207,1.09123
2023.01.26 02:00:00,1.09156,1.09246,1.09156,1.09208
2023.01.26 03:00:00,1.09071,1.09209,1.09192,1.09159
2023.01.26 04:00:00,1.09108,1.09217,1.09153,1.0919
2023.01.26 05:00:00,1.09112,1.09176,1.09131,1.09152
2023.01.26 06:00:00,1.09129,1.09183,1.09146,1.09131
2023.01.26 07:00:00,1.09089,1.09189,1.09188,1.09143
2023.01.26 08:00:00,1.09172,1.09294,1.09204,1.09185
2023.01.26 09:00:00,1.09068,1.09228,1.09195,1.09204
2023.01.26 10:00:00,1.09058,1.0928,1.09091,1.0919
2023.01.26 11:00:00,1.08926,1.09101,1.08957,1.09092
2023.01.26 12:00:00,1.08939,1.0908,1.09068,1.08957
2023.01.26 13:00:00,1.08993,1.09078,1.09031,1.09068
2023.01.26 14:00:00,1.08869,1.09044,1.0893,1.09031
2023.01.26 15:00:00,1.08729,1.09085,1.09027,1.08929
2023.01.26 16:00:00,1.08816,1.09177,1.08868,1.09028
2023.01.26 17:00:00,1.08509,1.08949,1.08552,1.08868
2023.01.26 18:00:00,1.08506,1.08719,1.08647,1.08552
2023.01.26 19:00:00,1.08582,1.08699,1.08647,1.08647
2023.01.26 20:00:00,1.08637,1.08883,1.08863,1.08644
2023.01.26 21:00:00,1.08823,1.08903,1.08893,1.08863
2023.01.26 22:00:00,1.08866,1.08926,1.08922,1.08893
2023.01.26 23:00:00,1.08902,1.08946,1.08917,1.08922
2023.01.27 00:00:00,1.08849,1.08909,1.08894,1.08909
2023.01.27 01:00:00,1.08857,1.08963,1.08932,1.08894
2023.01.27 02:00:00,1.08932,1.09003,1.08964,1.08933
2023.01.27 03:00:00,1.0886,1.08992,1.08895,1.08961
2023.01.27 04:00:00,1.08785,1.089,1.08794,1.08894
2023.01.27 05:00:00,1.08706,1.088,1.08736,1.08794
2023.01.27 06:00:00,1.08659,1.08736,1.08662,1.08736
2023.01.27 07:00:00,1.08657,1.0874,1.08739,1.08662
2023.01.27 08:00:00,1.08661,1.08739,1.08699,1.08738
2023.01.27 09:00:00,1.0868,1.08796,1.08737,1.08697
2023.01.27 10:00:00,1.08658,1.08917,1.08906,1.08737
2023.01.27 11:00:00,1.08776,1.08924,1.08839,1.08906
2023.01.27 12:00:00,1.08828,1.08954,1.08893,1.08839
2023.01.27 13:00:00,1.08756,1.08938,1.08791,1.08893
2023.01.27 14:00:00,1.08663,1.08808,1.08669,1.08791
2023.01.27 15:00:00,1.08594,1.08778,1.08624,1.08668
2023.01.27 16:00:00,1.08452,1.08768,1.08652,1.08624
2023.01.27 17:00:00,1.08378,1.08791,1.08385,1.0865
2023.01.27 18:00:00,1.08381,1.08674,1.08565,1.08385
2023.01.27 19:00:00,1.08527,1.08719,1.08666,1.08565
2023.01.27 20:00:00,1.08564,1.08676,1.0866,1.08665
2023.01.27 21:00:00,1.08644,1.08724,1.08687,1.0866
2023.01.27 22:00:00,1.0864,1.08731,1.08653,1.08686
2023.01.27 23:00:00,1.08646,1.08693,1.08673,1.08654
2023.01.30 00:00:00,1.08579,1.08655,1.08641,1.08618
2023.01.30 01:00:00,1.08641,1.08727,1.08719,1.08641
2023.01.30 02:00:00,1.08692,1.08752,1.08745,1.08719
2023.01.30 03:00:00,1.08613,1.08753,1.08736,1.08745
2023.01.30 04:00:00,1.08655,1.08737,1.08692,1.08737
2023.01.30 05:00:00,1.08644,1.08694,1.08686,1.08693
2023.01.30 06:00:00,1.08679,1.08793,1.08764,1.08685
2023.01.30 07:00:00,1.08644,1.08769,1.08693,1.08758
2023.01.30 08:00:00,1.08583,1.08696,1.08621,1.08693
2023.01.30 09:00:00,1.08531,1.08698,1.08598,1.08619
2023.01.30 10:00:00,1.08598,1.08896,1.08815,1.08598
2023.01.30 11:00:00,1.08766,1.09041,1.09019,1.08815
2023.01.30 12:00:00,1.09017,1.09138,1.09108,1.0902
2023.01.30 13:00:00,1.08907,1.09115,1.08964,1.09108
2023.01.30 14:00:00,1.08931,1.09095,1.09039,1.08967
2023.01.30 15:00:00,1.08862,1.09112,1.08862,1.0904
2023.01.30 16:00:00,1.08798,1.08997,1.08915,1.08864
2023.01.30 17:00:00,1.08676,1.08993,1.08708,1.08914
2023.01.30 18:00:00,1.08607,1.08748,1.08659,1.08708
2023.01.30 19:00:00,1.08575,1.08669,1.08578,1.08658
2023.01.30 20:00:00,1.08502,1.08607,1.08545,1.08578
2023.01.30 21:00:00,1.08393,1.08556,1.08462,1.08546
2023.01.30 22:00:00,1.08442,1.08546,1.08459,1.08461
2023.01.30 23:00:00,1.08456,1.08525,1.085,1.08464
2023.01.31 00:00:00,1.08453,1.08513,1.08503,1.0848
2023.01.31 01:00:00,1.08465,1.0851,1.08496,1.0851
2023.01.31 02:00:00,1.08486,1.08572,1.08539,1.08502
2023.01.31 03:00:00,1.0851,1.08601,1.08576,1.0854
2023.01.31 04:00:00,1.085,1.0859,1.08519,1.08576
2023.01.31 05:00:00,1.08442,1.08527,1.08446,1.08519
2023.01.31 06:00:00,1.08395,1.08462,1.0846,1.08446
2023.01.31 07:00:00,1.08332,1.08469,1.08347,1.0846
2023.01.31 08:00:00,1.08317,1.08423,1.08395,1.08349
2023.01.31 09:00:00,1.08343,1.08498,1.08442,1.08396
2023.01.31 10:00:00,1.08026,1.0845,1.08036,1.08442
2023.01.31 11:00:00,1.08017,1.08345,1.08296,1.08033
2023.01.31 12:00:00,1.08203,1.08315,1.0823,1.08295
2023.01.31 13:00:00,1.08215,1.08382,1.08359,1.08228
2023.01.31 14:00:00,1.08256,1.08388,1.08262,1.08362
2023.01.31 15:00:00,1.08261,1.08634,1.08512,1.08261
2023.01.31 16:00:00,1.08432,1.08646,1.08479,1.08513
2023.01.31 17:00:00,1.08336,1.08626,1.08597,1.08474
2023.01.31 18:00:00,1.08533,1.08678,1.08571,1.08597
2023.01.31 19:00:00,1.08508,1.08664,1.08652,1.0857
2023.01.31 20:00:00,1.08647,1.0875,1.08724,1.08653
2023.01.31 21:00:00,1.08631,1.08741,1.08642,1.08725
2023.01.31 22:00:00,1.08599,1.08731,1.08721,1.08643
2023.01.31 23:00:00,1.08607,1.08727,1.08614,1.08723
2023.02.01 00:00:00,1.08577,1.08639,1.08606,1.08607
2023.02.01 01:00:00,1.08591,1.08654,1.08604,1.08606
2023.02.01 02:00:00,1.08585,1.08642,1.08624,1.08607
2023.02.01 03:00:00,1.08571,1.08637,1.08573,1.08624
2023.02.01 04:00:00,1.08523,1.08572,1.08538,1.08572
2023.02.01 05:00:00,1.08525,1.08628,1.08628,1.0854
2023.02.01 06:00:00,1.08626,1.08689,1.08658,1.08627
2023.02.01 07:00:00,1.08654,1.08749,1.08717,1.08657
2023.02.01 08:00:00,1.08658,1.08769,1.08697,1.08717
2023.02.01 09:00:00,1.08667,1.08838,1.08802,1.08697
2023.02.01 10:00:00,1.08697,1.08886,1.08875,1.08802
2023.02.01 11:00:00,1.08786,1.08886,1.08833,1.08876
2023.02.01 12:00:00,1.08792,1.08939,1.08922,1.08825
2023.02.01 13:00:00,1.08886,1.08969,1.08926,1.08923
2023.02.01 14:00:00,1.08881,1.08979,1.08914,1.08926
2023.02.01 15:00:00,1.08882,1.091,1.09042,1.08917
2023.02.01 16:00:00,1.09011,1.09109,1.0904,1.09041
2023.02.01 17:00:00,1.08877,1.09247,1.09197,1.09046
2023.02.01 18:00:00,1.09143,1.09241,1.09166,1.09197
2023.02.01 19:00:00,1.09048,1.09192,1.09079,1.09166
2023.02.01 20:00:00,1.09062,1.09209,1.09162,1.0908
2023.02.01 21:00:00,1.08885,1.0987,1.09779,1.09057
2023.02.01 22:00:00,1.09695,1.10014,1.09883,1.09781
2023.02.01 23:00:00,1.09833,1.09907,1.09886,1.09882
2023.02.02 00:00:00,1.09838,1.09894,1.09865,1.0987
2023.02.02 01:00:00,1.0985,1.10329,1.10127,1.09865
2023.02.02 02:00:00,1.10104,1.10267,1.10188,1.10127
2023.02.02 03:00:00,1.10064,1.10212,1.10134,1.1019
2023.02.02 04:00:00,1.1012,1.10213,1.10188,1.10131
2023.02.02 05:00:00,1.10147,1.10207,1.10176,1.10188
2023.02.02 06:00:00,1.10158,1.10255,1.10198,1.10173
2023.02.02 07:00:00,1.10192,1.1025,1.10202,1.10197
2023.02.02 08:00:00,1.10045,1.10218,1.10052,1.10201
2023.02.02 09:00:00,1.09913,1.10148,1.09936,1.10057
2023.02.02 10:00:00,1.09915,1.10106,1.10052,1.09936
2023.02.02 11:00:00,1.09888,1.10063,1.09987,1.10052
2023.02.02 12:00:00,1.09806,1.10004,1.0983,1.09987
2023.02.02 13:00:00,1.09822,1.10023,1.09993,1.0983
2023.02.02 14:00:00,1.09825,1.10043,1.09842,1.09993
2023.02.02 15:00:00,1.09438,1.10039,1.09452,1.09842
2023.02.02 16:00:00,1.09048,1.09665,1.09052,1.09452
2023.02.02 17:00:00,1.08853,1.09398,1.09369,1.09051
2023.02.02 18:00:00,1.09072,1.0949,1.0917,1.09366
2023.02.02 19:00:00,1.09057,1.09269,1.09084,1.09171
2023.02.02 20:00:00,1.09079,1.09229,1.09193,1.09089
2023.02.02 21:00:00,1.09053,1.09225,1.0908,1.09193
2023.02.02 22:00:00,1.09055,1.09151,1.09139,1.09081
2023.02.02 23:00:00,1.09081,1.09163,1.09099,1.09139
2023.02.03 00:00:00,1.09058,1.09087,1.09072,1.09081
2023.02.03 01:00:00,1.09042,1.09115,1.09047,1.09072
2023.02.03 02:00:00,1.08923,1.09052,1.08974,1.09047
2023.02.03 03:00:00,1.08912,1.08996,1.08937,1.08968
2023.02.03 04:00:00,1.08879,1.0896,1.08896,1.08937
2023.02.03 05:00:00,1.08894,1.08959,1.08939,1.08896
2023.02.03 06:00:00,1.08872,1.08947,1.08931,1.08939
2023.02.03 07:00:00,1.089,1.08985,1.08937,1.08931
2023.02.03 08:00:00,1.08915,1.08999,1.08984,1.08938
2023.02.03 09:00:00,1.0882,1.0906,1.08995,1.08977
2023.02.03 10:00:00,1.08848,1.09075,1.09035,1.08995
2023.02.03 11:00:00,1.08936,1.0931,1.09301,1.09036
2023.02.03 12:00:00,1.09251,1.09368,1.09351,1.09299
2023.02.03 13:00:00,1.09247,1.09371,1.09292,1.09353
2023.02.03 14:00:00,1.0926,1.09371,1.09328,1.09292
2023.02.03 15:00:00,1.08265,1.09402,1.08399,1.09318
2023.02.03 16:00:00,1.08327,1.08717,1.08635,1.08398
2023.02.03 17:00:00,1.08094,1.08762,1.08584,1.08618
2023.02.03 18:00:00,1.08235,1.08617,1.08252,1.08584
2023.02.03 19:00:00,1.08222,1.08369,1.08247,1.08251
2023.02.03 20:00:00,1.08054,1.08249,1.08119,1.08247
2023.02.03 21:00:00,1.08019,1.08146,1.08047,1.08118
2023.02.03 22:00:00,1.07932,1.08048,1.07934,1.08046
2023.02.03 23:00:00,1.07923,1.08007,1.07932,1.07939
2023.02.06 00:00:00,1.07786,1.07934,1.07904,1.078
2023.02.06 01:00:00,1.07848,1.07978,1.07895,1.07905
2023.02.06 02:00:00,1.07814,1.07949,1.07887,1.07894
2023.02.06 03:00:00,1.07843,1.07941,1.07851,1.07885
2023.02.06 04:00:00,1.07822,1.07982,1.07906,1.07851
2023.02.06 05:00:00,1.07892,1.07982,1.07902,1.07906
2023.02.06 06:00:00,1.07887,1.07989,1.07963,1.07902
2023.02.06 07:00:00,1.07901,1.07981,1.07968,1.07962
2023.02.06 08:00:00,1.07865,1.0798,1.07873,1.07968
2023.02.06 09:00:00,1.078,1.07965,1.078,1.07873
2023.02.06 10:00:00,1.07748,1.07954,1.07853,1.07801
2023.02.06 11:00:00,1.07652,1.07883,1.07667,1.07853
2023.02.06 12:00:00,1.07599,1.07776,1.0766,1.07667
2023.02.06 13:00:00,1.07568,1.07674,1.07662,1.07659
2023.02.06 14:00:00,1.07657,1.07832,1.07732,1.07662
2023.02.06 15:00:00,1.07572,1.07779,1.07581,1.0773
2023.02.06 16:00:00,1.07391,1.07662,1.07445,1.07581
2023.02.06 17:00:00,1.07221,1.07479,1.07301,1.07447
2023.02.06 18:00:00,1.07174,1.07394,1.07213,1.07303
2023.02.06 19:00:00,1.07095,1.0722,1.07132,1.07213
2023.02.06 20:00:00,1.07103,1.07267,1.07264,1.07132
2023.02.06 21:00:00,1.07235,1.07373,1.07247,1.07263
2023.02.06 22:00:00,1.07185,1.0731,1.07298,1.07247
2023.02.06 23:00:00,1.07236,1.07303,1.07249,1.07295
2023.02.07 00:00:00,1.07203,1.07277,1.07258,1.07242
2023.02.07 01:00:00,1.07232,1.07292,1.07291,1.07259
2023.02.07 02:00:00,1.07282,1.07363,1.07362,1.0729
2023.02.07 03:00:00,1.07336,1.07425,1.07412,1.07365
2023.02.07 04:00:00,1.07361,1.07416,1.0741,1.07412
2023.02.07 05:00:00,1.07359,1.07427,1.07383,1.07411
2023.02.07 06:00:00,1.07286,1.07383,1.07328,1.07382
2023.02.07 07:00:00,1.07307,1.07418,1.07404,1.0733
2023.02.07 08:00:00,1.07352,1.07438,1.07393,1.07404
2023.02.07 09:00:00,1.07231,1.07398,1.07242,1.07392
2023.02.07 10:00:00,1.06971,1.07261,1.07192,1.07242
2023.02.07 11:00:00,1.07107,1.0735,1.0711,1.07191
2023.02.07 12:00:00,1.07068,1.07227,1.07137,1.07109
2023.02.07 13:00:00,1.06982,1.07181,1.07051,1.07136
2023.02.07 14:00:00,1.07018,1.07124,1.07055,1.0705
2023.02.07 15:00:00,1.06859,1.07065,1.06954,1.07053
2023.02.07 16:00:00,1.06798,1.06995,1.06824,1.06954
2023.02.07 17:00:00,1.06692,1.06967,1.06928,1.06824
2023.02.07 18:00:00,1.06886,1.07122,1.07049,1.06928
2023.02.07 19:00:00,1.069,1.07664,1.07603,1.07049
2023.02.07 20:00:00,1.06874,1.07628,1.07021,1.07603
2023.02.07 21:00:00,1.07014,1.07286,1.07195,1.0702
2023.02.07 22:00:00,1.07084,1.07294,1.07251,1.07195
2023.02.07 23:00:00,1.07216,1.07298,1.07267,1.07249
2023.02.08 00:00:00,1.07182,1.07296,1.07295,1.07233
2023.02.08 01:00:00,1.07252,1.07308,1.07301,1.07295
2023.02.08 02:00:00,1.07268,1.07341,1.07321,1.07304
2023.02.08 03:00:00,1.0723,1.0735,1.07264,1.07318
2023.02.08 04:00:00,1.07238,1.07331,1.07328,1.07264
2023.02.08 05:00:00,1.07303,1.07348,1.07324,1.07328
2023.02.08 06:00:00,1.07306,1.07348,1.07335,1.07323
2023.02.08 07:00:00,1.07273,1.07349,1.07337,1.07333
2023.02.08 08:00:00,1.07272,1.07396,1.07272,1.07337
2023.02.08 09:00:00,1.0724,1.07598,1.07587,1.07272
2023.02.08 10:00:00,1.07411,1.07589,1.07523,1.07588
2023.02.08 11:00:00,1.07502,1.07609,1.07553,1.07524
2023.02.08 12:00:00,1.0743,1.07558,1.07465,1.07553
2023.02.08 13:00:00,1.0733,1.07476,1.07351,1.07465
2023.02.08 14:00:00,1.07337,1.07493,1.07338,1.0735
2023.02.08 15:00:00,1.07258,1.07378,1.07317,1.07338
2023.02.08 16:00:00,1.07181,1.07433,1.07251,1.07317
2023.02.08 17:00:00,1.07137,1.0728,1.07253,1.07251
2023.02.08 18:00:00,1.07187,1.07364,1.07336,1.07253
2023.02.08 19:00:00,1.07259,1.07402,1.07285,1.07336
2023.02.08 20:00:00,1.07244,1.07392,1.0734,1.07286
2023.02.08 21:00:00,1.07209,1.07342,1.07231,1.07341
2023.02.08 22:00:00,1.07094,1.07246,1.07138,1.07231
2023.02.08 23:00:00,1.07113,1.07154,1.07129,1.07138
2023.02.09 00:00:00,1.07083,1.07164,1.07124,1.07095
2023.02.09 01:00:00,1.07094,1.07169,1.07151,1.07121
2023.02.09 02:00:00,1.07146,1.0719,1.07159,1.07151
2023.02.09 03:00:00,1.07093,1.0726,1.07247,1.07159
2023.02.09 04:00:00,1.07237,1.07328,1.07307,1.07247
2023.02.09 05:00:00,1.07254,1.07326,1.07296,1.07308
2023.02.09 06:00:00,1.07283,1.07326,1.07321,1.07296
2023.02.09 07:00:00,1.07268,1.07383,1.07357,1.07321
2023.02.09 08:00:00,1.07336,1.07449,1.07398,1.07357
2023.02.09 09:00:00,1.07241,1.07402,1.0733,1.07398
2023.02.09 10:00:00,1.07326,1.07596,1.07529,1.0733
2023.02.09 11:00:00,1.07511,1.0769,1.07638,1.0753
2023.02.09 12:00:00,1.07592,1.07785,1.07775,1.07638
2023.02.09 13:00:00,1.07587,1.07777,1.07632,1.07776
2023.02.09 14:00:00,1.07592,1.07723,1.07695,1.07632
2023.02.09 15:00:00,1.07628,1.07902,1.07899,1.07694
2023.02.09 16:00:00,1.07781,1.07908,1.07801,1.07899
2023.02.09 17:00:00,1.07616,1.07895,1.07629,1.07802
2023.02.09 18:00:00,1.07441,1.07634,1.07609,1.07628
2023.02.09 19:00:00,1.07391,1.07615,1.07487,1.07604
2023.02.09 20:00:00,1.07378,1.07488,1.07413,1.07487
2023.02.09 21:00:00,1.07332,1.07457,1.07373,1.07413
2023.02.09 22:00:00,1.07317,1.07395,1.07336,1.07372
2023.02.09 23:00:00,1.07329,1.074,1.07386,1.07336
2023.02.10 00:00:00,1.07334,1.0742,1.07401,1.07361
2023.02.10 01:00:00,1.07379,1.0742,1.0739,1.07402
2023.02.10 02:00:00,1.07257,1.07394,1.07346,1.07391
2023.02.10 03:00:00,1.07281,1.07386,1.07336,1.07346
2023.02.10 04:00:00,1.07243,1.07343,1.07251,1.07329
2023.02.10 05:00:00,1.07175,1.07261,1.07208,1.07251
2023.02.10 06:00:00,1.07173,1.07242,1.07185,1.07208
2023.02.10 07:00:00,1.07182,1.07268,1.0726,1.07185
2023.02.10 08:00:00,1.0722,1.07292,1.07231,1.0726
2023.02.10 09:00:00,1.07192,1.07448,1.07412,1.07231
2023.02.10 10:00:00,1.07267,1.07529,1.07424,1.07412
2023.02.10 11:00:00,1.07042,1.07449,1.07068,1.07423
2023.02.10 12:00:00,1.06917,1.07114,1.0709,1.07067
2023.02.10 13:00:00,1.06937,1.07112,1.06986,1.07087
2023.02.10 14:00:00,1.06813,1.07007,1.06832,1.06986
2023.02.10 15:00:00,1.06816,1.06994,1.0696,1.06832
2023.02.10 16:00:00,1.06862,1.07069,1.06977,1.06959
2023.02.10 17:00:00,1.06746,1.07067,1.06769,1.06978
2023.02.10 18:00:00,1.06682,1.0687,1.06688,1.06771
2023.02.10 19:00:00,1.06664,1.06742,1.06684,1.06687
2023.02.10 20:00:00,1.06677,1.06769,1.06714,1.06684
2023.02.10 21:00:00,1.06683,1.06754,1.06733,1.06714
2023.02.10 22:00:00,1.06733,1.06808,1.06789,1.06736
2023.02.10 23:00:00,1.0675,1.068,1.06782,1.0679
2023.02.13 00:00:00,1.06745,1.06813,1.06775,1.06803
2023.02.13 01:00:00,1.06712,1.06792,1.06768,1.06776
2023.02.13 02:00:00,1.0668,1.06789,1.06726,1.06771
2023.02.13 03:00:00,1.06555,1.0675,1.06669,1.06726
2023.02.13 04:00:00,1.06605,1.0671,1.06676,1.0667
2023.02.13 05:00:00,1.06607,1.06682,1.06607,1.06676
2023.02.13 06:00:00,1.06607,1.06692,1.06671,1.06608
2023.02.13 07:00:00,1.06632,1.06707,1.06696,1.06671
2023.02.13 08:00:00,1.06672,1.06793,1.06741,1.06696
2023.02.13 09:00:00,1.06726,1.06899,1.06832,1.06741
2023.02.13 10:00:00,1.06737,1.06856,1.06744,1.06832
2023.02.13 11:00:00,1.06633,1.06842,1.06772,1.06744
2023.02.13 12:00:00,1.06755,1.06851,1.06805,1.06772
2023.02.13 13:00:00,1.06734,1.06843,1.06758,1.06808
2023.02.13 14:00:00,1.06738,1.06966,1.06907,1.06759
2023.02.13 15:00:00,1.06761,1.06955,1.06808,1.06907
2023.02.13 16:00:00,1.06765,1.07072,1.0705,1.06808
2023.02.13 17:00:00,1.07021,1.07275,1.07197,1.07051
2023.02.13 18:00:00,1.07103,1.07234,1.07169,1.07198
2023.02.13 19:00:00,1.07158,1.07217,1.07184,1.07168
2023.02.13 20:00:00,1.07117,1.073,1.07279,1.07184
2023.02.13 21:00:00,1.07161,1.07283,1.07174,1.07279
2023.02.13 22:00:00,1.07141,1.07237,1.07228,1.07173
2023.02.13 23:00:00,1.07205,1.0725,1.07243,1.07228
2023.02.14 00:00:00,1.07182,1.07255,1.07247,1.07188
2023.02.14 01:00:00,1.0721,1.07325,1.0731,1.07247
2023.02.14 02:00:00,1.07299,1.07368,1.07334,1.0731
2023.02.14 03:00:00,1.07257,1.07342,1.07287,1.07335
2023.02.14 04:00:00,1.07254,1.07339,1.0732,1.07287
2023.02.14 05:00:00,1.07295,1.07358,1.07345,1.07321
2023.02.14 06:00:00,1.0732,1.07399,1.07381,1.07345
2023.02.14 07:00:00,1.07354,1.07398,1.07384,1.07378
2023.02.14 08:00:00,1.07341,1.07431,1.07392,1.07383
2023.02.14 09:00:00,1.07289,1.07467,1.07321,1.07392
2023.02.14 10:00:00,1.0729,1.07503,1.07487,1.07323
2023.02.14 11:00:00,1.07446,1.0767,1.07615,1.07492
2023.02.14 12:00:00,1.07486,1.07664,1.07557,1.07614
2023.02.14 13:00:00,1.07514,1.07653,1.07552,1.07557
2023.02.14 14:00:00,1.07488,1.0768,1.07581,1.07552
2023.02.14 15:00:00,1.07184,1.08045,1.07607,1.0758
2023.02.14 16:00:00,1.07085,1.07695,1.07523,1.07611
2023.02.14 17:00:00,1.07068,1.0772,1.07158,1.07523
2023.02.14 18:00:00,1.07125,1.07341,1.07215,1.07159
2023.02.14 19:00:00,1.07192,1.07306,1.07279,1.07215
2023.02.14 20:00:00,1.07273,1.07454,1.07317,1.07277
2023.02.14 21:00:00,1.07233,1.07411,1.07394,1.07319
2023.02.14 22:00:00,1.07323,1.07424,1.0738,1.07391
2023.02.14 23:00:00,1.07348,1.07389,1.07352,1.07365
2023.02.15 00:00:00,1.0732,1.07366,1.07343,1.0736
2023.02.15 01:00:00,1.07332,1.07394,1.07351,1.07343
2023.02.15 02:00:00,1.07328,1.07402,1.07381,1.07352
2023.02.15 03:00:00,1.07359,1.07445,1.07397,1.07381
2023.02.15 04:00:00,1.07233,1.07399,1.07247,1.07397
2023.02.15 05:00:00,1.07171,1.07277,1.07181,1.07247
2023.02.15 06:00:00,1.07145,1.07208,1.07182,1.07181
2023.02.15 07:00:00,1.07137,1.07211,1.07152,1.0718
2023.02.15 08:00:00,1.07038,1.072,1.07074,1.07152
2023.02.15 09:00:00,1.07,1.07188,1.07082,1.07075
2023.02.15 10:00:00,1.07049,1.07287,1.07241,1.07084
2023.02.15 11:00:00,1.07166,1.07299,1.07258,1.07242
2023.02.15 12:00:00,1.07156,1.07331,1.07157,1.07257
2023.02.15 13:00:00,1.07103,1.07243,1.07111,1.07159
2023.02.15 14:00:00,1.06969,1.07181,1.06977,1.07111
2023.02.15 15:00:00,1.06741,1.0706,1.06831,1.06974
2023.02.15 16:00:00,1.06659,1.06892,1.06695,1.06831
2023.02.15 17:00:00,1.06652,1.06846,1.0676,1.06696
2023.02.15 18:00:00,1.06672,1.06878,1.06822,1.0676
2023.02.15 19:00:00,1.06619,1.06824,1.06669,1.06823
2023.02.15 20:00:00,1.06606,1.06783,1.06758,1.06669
2023.02.15 21:00:00,1.06755,1.06863,1.06809,1.06758
2023.02.15 22:00:00,1.06797,1.06903,1.06903,1.06812
2023.02.15 23:00:00,1.06864,1.06915,1.06864,1.06902
2023.02.16 00:00:00,1.06796,1.06899,1.06884,1.06862
2023.02.16 01:00:00,1.06864,1.06921,1.06911,1.06884
2023.02.16 02:00:00,1.06845,1.06955,1.06894,1.06913
2023.02.16 03:00:00,1.06869,1.0708,1.07049,1.06893
2023.02.16 04:00:00,1.07026,1.07149,1.07125,1.07048
2023.02.16 05:00:00,1.07076,1.07128,1.07095,1.07125
2023.02.16 06:00:00,1.07068,1.07105,1.07071,1.07095
2023.02.16 07:00:00,1.07011,1.07087,1.07055,1.07071
2023.02.16 08:00:00,1.06963,1.0709,1.06999,1.07054
2023.02.16 09:00:00,1.06969,1.07104,1.0709,1.06998
2023.02.16 10:00:00,1.07007,1.07225,1.07071,1.0709
2023.02.16 11:00:00,1.06891,1.07129,1.07005,1.0707
2023.02.16 12:00:00,1.07,1.07128,1.07064,1.07005
2023.02.16 13:00:00,1.06937,1.07068,1.07052,1.07063
2023.02.16 14:00:00,1.06918,1.07082,1.06939,1.07052
2023.02.16 15:00:00,1.06699,1.07089,1.06795,1.06939
2023.02.16 16:00:00,1.06597,1.06893,1.06629,1.06794
2023.02.16 17:00:00,1.06546,1.06827,1.06731,1.06627
2023.02.16 18:00:00,1.06682,1.06912,1.06832,1.06732
2023.02.16 19:00:00,1.0678,1.06961,1.0693,1.0683
2023.02.16 20:00:00,1.06833,1.06962,1.06921,1.06929
2023.02.16 21:00:00,1.06895,1.06976,1.06904,1.06921
2023.02.16 22:00:00,1.06694,1.0691,1.06737,1.06902
2023.02.16 23:00:00,1.067,1.06756,1.06716,1.06737
2023.02.17 00:00:00,1.06667,1.06742,1.06693,1.0672
2023.02.17 01:00:00,1.06623,1.06695,1.06657,1.06695
2023.02.17 02:00:00,1.0655,1.06656,1.06601,1.06654
2023.02.17 03:00:00,1.06523,1.06656,1.06534,1.06601
2023.02.17 04:00:00,1.06486,1.0655,1.0651,1.06534
2023.02.17 05:00:00,1.06488,1.06557,1.06527,1.06509
2023.02.17 06:00:00,1.06328,1.0653,1.06383,1.06527
2023.02.17 07:00:00,1.06355,1.06407,1.06384,1.06382
2023.02.17 08:00:00,1.06318,1.06389,1.06346,1.06384
2023.02.17 09:00:00,1.06296,1.06464,1.06442,1.06344
2023.02.17 10:00:00,1.06307,1.0647,1.0644,1.06441
2023.02.17 11:00:00,1.06357,1.06613,1.0637,1.0644
2023.02.17 12:00:00,1.06326,1.06447,1.06417,1.06369
2023.02.17 13:00:00,1.06238,1.06421,1.06258,1.06417
2023.02.17 14:00:00,1.06128,1.06267,1.06201,1.06258
2023.02.17 15:00:00,1.06202,1.06439,1.06413,1.06202
2023.02.17 16:00:00,1.06368,1.06557,1.06404,1.06413
2023.02.17 17:00:00,1.06404,1.06822,1.06622,1.06404
2023.02.17 18:00:00,1.06568,1.06796,1.06771,1.06622
2023.02.17 19:00:00,1.06769,1.06939,1.06786,1.06772
2023.02.17 20:00:00,1.06776,1.06909,1.06855,1.06789
2023.02.17 21:00:00,1.06855,1.0697,1.06964,1.06856
2023.02.17 22:00:00,1.06935,1.06985,1.06948,1.06964
2023.02.17 23:00:00,1.06925,1.06977,1.06935,1.0695
2023.02.20 00:00:00,1.06834,1.0693,1.06898,1.06848
2023.02.20 01:00:00,1.06821,1.06932,1.06841,1.06898
2023.02.20 02:00:00,1.0673,1.06856,1.06791,1.06841
2023.02.20 03:00:00,1.06735,1.06811,1.06759,1.06791
2023.02.20 04:00:00,1.06754,1.06868,1.06838,1.06759
2023.02.20 05:00:00,1.0679,1.06842,1.06818,1.06838
2023.02.20 06:00:00,1.06815,1.06912,1.06867,1.06818
2023.02.20 07:00:00,1.06838,1.06934,1.06909,1.06867
2023.02.20 08:00:00,1.06877,1.06939,1.06907,1.0691
2023.02.20 09:00:00,1.06877,1.07038,1.07018,1.06907
2023.02.20 10:00:00,1.06854,1.07047,1.0693,1.07018
2023.02.20 11:00:00,1.06792,1.06993,1.06794,1.0693
2023.02.20 12:00:00,1.06781,1.0689,1.06883,1.06794
2023.02.20 13:00:00,1.06831,1.06923,1.06853,1.0688
2023.02.20 14:00:00,1.06705,1.06863,1.06713,1.06857
2023.02.20 15:00:00,1.06704,1.06863,1.06806,1.06713
2023.02.20 16:00:00,1.06784,1.06916,1.06887,1.06806
2023.02.20 17:00:00,1.06837,1.06939,1.06862,1.06886
2023.02.20 18:00:00,1.06832,1.06891,1.06885,1.06863
2023.02.20 19:00:00,1.06842,1.06906,1.06856,1.06884
2023.02.20 20:00:00,1.06835,1.06869,1.06836,1.06858
2023.02.20 21:00:00,1.06836,1.06875,1.06874,1.06836
2023.02.20 22:00:00,1.06844,1.06874,1.06844,1.06874
2023.02.20 23:00:00,1.06821,1.0686,1.06853,1.06847
2023.02.21 00:00:00,1.06818,1.06867,1.06837,1.06837
2023.02.21 01:00:00,1.06822,1.06885,1.06823,1.06839
2023.02.21 02:00:00,1.0677,1.06852,1.06771,1.06823
2023.02.21 03:00:00,1.06674,1.06778,1.06737,1.06771
2023.02.21 04:00:00,1.06633,1.06752,1.06635,1.06737
2023.02.21 05:00:00,1.0662,1.06667,1.06667,1.06635
2023.02.21 06:00:00,1.06628,1.06698,1.06686,1.06667
2023.02.21 07:00:00,1.06661,1.06742,1.06738,1.06685
2023.02.21 08:00:00,1.06669,1.06738,1.06714,1.06738
2023.02.21 09:00:00,1.066,1.06725,1.06696,1.06714
2023.02.21 10:00:00,1.06596,1.06881,1.06602,1.06696
2023.02.21 11:00:00,1.06428,1.06751,1.06625,1.06604
2023.02.21 12:00:00,1.06458,1.06679,1.06489,1.06625
2023.02.21 13:00:00,1.06464,1.06609,1.06574,1.06489
2023.02.21 14:00:00,1.06472,1.06648,1.066,1.06574
2023.02.21 15:00:00,1.06517,1.06696,1.06529,1.066
2023.02.21 16:00:00,1.06439,1.06733,1.06489,1.06529
2023.02.21 17:00:00,1.06458,1.06983,1.06854,1.06488
2023.02.21 18:00:00,1.06561,1.06857,1.06564,1.06857
2023.02.21 19:00:00,1.06528,1.06629,1.06607,1.06562
2023.02.21 20:00:00,1.06375,1.06614,1.06428,1.06607
2023.02.21 21:00:00,1.06399,1.06524,1.06486,1.06429
2023.02.21 22:00:00,1.06453,1.06525,1.06456,1.06487
2023.02.21 23:00:00,1.06431,1.06486,1.06465,1.06457
2023.02.22 00:00:00,1.06426,1.0649,1.06468,1.06445
2023.02.22 01:00:00,1.06466,1.06534,1.06514,1.06466
2023.02.22 02:00:00,1.06485,1.06584,1.06579,1.06514
2023.02.22 03:00:00,1.0654,1.0664,1.06577,1.06568
2023.02.22 04:00:00,1.06536,1.06607,1.06561,1.06577
2023.02.22 05:00:00,1.0655,1.06626,1.06596,1.06561
2023.02.22 06:00:00,1.06564,1.066,1.06586,1.06597
2023.02.22 07:00:00,1.06513,1.0659,1.06576,1.06585
2023.02.22 08:00:00,1.06553,1.06601,1.06563,1.06576
2023.02.22 09:00:00,1.06525,1.06636,1.06536,1.06566
2023.02.22 10:00:00,1.06429,1.06578,1.06455,1.06534
2023.02.22 11:00:00,1.06357,1.06507,1.06375,1.06449
2023.02.22 12:00:00,1.0625,1.06422,1.06251,1.06375
2023.02.22 13:00:00,1.06246,1.06362,1.06303,1.0625
2023.02.22 14:00:00,1.06256,1.06479,1.06479,1.06306
2023.02.22 15:00:00,1.06362,1.06506,1.06463,1.06479
2023.02.22 16:00:00,1.06411,1.06605,1.06498,1.06463
2023.02.22 17:00:00,1.0625,1.06576,1.06268,1.06498
2023.02.22 18:00:00,1.06173,1.06341,1.06229,1.06266
2023.02.22 19:00:00,1.06181,1.06346,1.06282,1.06229
2023.02.22 20:00:00,1.06222,1.06361,1.06246,1.06283
2023.02.22 21:00:00,1.05993,1.06342,1.06009,1.06246
2023.02.22 22:00:00,1.05992,1.06072,1.06028,1.0601
2023.02.22 23:00:00,1.06011,1.06055,1.06045,1.06028
2023.02.23 00:00:00,1.06005,1.0605,1.06042,1.06036
2023.02.23 01:00:00,1.06029,1.06083,1.06053,1.06037
2023.02.23 02:00:00,1.06049,1.06121,1.06115,1.06053
2023.02.23 03:00:00,1.06108,1.06216,1.06197,1.06115
2023.02.23 04:00:00,1.06145,1.06247,1.0623,1.06197
2023.02.23 05:00:00,1.06212,1.06247,1.06224,1.0623
2023.02.23 06:00:00,1.06192,1.06245,1.06244,1.06223
2023.02.23 07:00:00,1.06153,1.06246,1.06225,1.06245
2023.02.23 08:00:00,1.06197,1.06278,1.06225,1.06225
2023.02.23 09:00:00,1.06105,1.06242,1.06165,1.06223
2023.02.23 10:00:00,1.06031,1.06178,1.0606,1.06165
2023.02.23 11:00:00,1.05874,1.06065,1.0591,1.0606
2023.02.23 12:00:00,1.05873,1.06015,1.0598,1.05907
2023.02.23 13:00:00,1.0586,1.06044,1.06041,1.0598
2023.02.23 14:00:00,1.06011,1.06192,1.06139,1.06041
2023.02.23 15:00:00,1.05943,1.06211,1.06077,1.06139
2023.02.23 16:00:00,1.05951,1.06165,1.0607,1.06079
2023.02.23 17:00:00,1.05876,1.06087,1.0597,1.0607
2023.02.23 18:00:00,1.0597,1.05984,1.05792,1.05824
2023.02.23 19:00:00,1.05825,1.05858,1.05771,1.05854
2023.02.23 20:00:00,1.05854,1.05933,1.0581,1.05882
2023.02.23 21:00:00,1.05882,1.0603,1.05869,1.05957
2023.02.23 22:00:00,1.05957,1.06033,1.05954,1.06032
2023.02.23 23:00:00,1.06033,1.06033,1.05931,1.05971
2023.02.24 00:00:00,1.05926,1.0596,1.059,1.05945
2023.02.24 01:00:00,1.0595,1.06016,1.05938,1.05975
2023.02.24 02:00:00,1.05976,1.06069,1.05951,1.06069
2023.02.24 03:00:00,1.06069,1.06143,1.05936,1.06013
2023.02.24 04:00:00,1.06012,1.06063,1.05947,1.0597
2023.02.24 05:00:00,1.0597,1.06052,1.05967,1.05999
2023.02.24 06:00:00,1.05999,1.06014,1.05958,1.06001
2023.02.24 07:00:00,1.06,1.06023,1.05973,1.05975
2023.02.24 08:00:00,1.05977,1.06023,1.05966,1.05986
2023.02.24 09:00:00,1.05987,1.05987,1.05884,1.05894
2023.02.24 10:00:00,1.05893,1.0596,1.058,1.05891
2023.02.24 11:00:00,1.05889,1.05928,1.05845,1.05858
2023.02.24 12:00:00,1.05857,1.05962,1.05827,1.05866
2023.02.24 13:00:00,1.05866,1.05904,1.05735,1.05798
2023.02.24 14:00:00,1.05798,1.05798,1.05643,1.05663
2023.02.24 15:00:00,1.05663,1.05763,1.05438,1.05539
2023.02.24 16:00:00,1.05539,1.05607,1.05362,1.05476
2023.02.24 17:00:00,1.05474,1.05598,1.05402,1.05422
2023.02.24 18:00:00,1.05423,1.05597,1.05402,1.05438
2023.02.24 19:00:00,1.0544,1.05589,1.05431,1.05472
2023.02.24 20:00:00,1.05472,1.05552,1.05441,1.05453
2023.02.24 21:00:00,1.05453,1.05544,1.05441,1.05509
2023.02.24 22:00:00,1.05507,1.05557,1.05465,1.05472
2023.02.24 23:00:00,1.05471,1.05486,1.05438,1.05446
2023.02.27 00:00:00,1.05459,1.05475,1.05429,1.05449
2023.02.27 01:00:00,1.0545,1.05552,1.05441,1.05532
2023.02.27 02:00:00,1.05533,1.05556,1.05451,1.05546
2023.02.27 03:00:00,1.05546,1.05593,1.05523,1.05592
2023.02.27 04:00:00,1.05589,1.05599,1.05523,1.05533
2023.02.27 05:00:00,1.05533,1.05547,1.054,1.05442
2023.02.27 06:00:00,1.05442,1.05494,1.05434,1.05489
2023.02.27 07:00:00,1.05489,1.05506,1.05389,1.05395
2023.02.27 08:00:00,1.05395,1.0548,1.0533,1.05379
2023.02.27 09:00:00,1.05379,1.0553,1.05354,1.05479
2023.02.27 10:00:00,1.0548,1.05614,1.0548,1.05527
2023.02.27 11:00:00,1.05525,1.05588,1.05492,1.05512
2023.02.27 12:00:00,1.05512,1.0568,1.05488,1.05677
2023.02.27 13:00:00,1.05676,1.05694,1.05589,1.05622
2023.02.27 14:00:00,1.05622,1.05662,1.05556,1.05585
2023.02.27 15:00:00,1.05584,1.05834,1.05499,1.05829
2023.02.27 16:00:00,1.05829,1.05941,1.0576,1.05899
2023.02.27 17:00:00,1.05899,1.06199,1.05872,1.06011
2023.02.27 18:00:00,1.06011,1.06043,1.05796,1.05953
2023.02.27 19:00:00,1.05953,1.06021,1.05864,1.06013
2023.02.27 20:00:00,1.06013,1.06077,1.05988,1.06068
2023.02.27 21:00:00,1.06068,1.06129,1.06063,1.06076
2023.02.27 22:00:00,1.06076,1.06097,1.06045,1.06081
2023.02.27 23:00:00,1.0608,1.06101,1.06065,1.06096
2023.02.28 00:00:00,1.06084,1.0609,1.05972,1.0604
2023.02.28 01:00:00,1.06044,1.06105,1.0604,1.06096
2023.02.28 02:00:00,1.06096,1.06148,1.06059,1.06097
2023.02.28 03:00:00,1.06096,1.06103,1.05861,1.05865
2023.02.28 04:00:00,1.05867,1.05987,1.05856,1.05952
2023.02.28 05:00:00,1.05953,1.05963,1.05911,1.05925
2023.02.28 06:00:00,1.05924,1.05927,1.05871,1.05901
2023.02.28 07:00:00,1.05901,1.05908,1.05821,1.05848
2023.02.28 08:00:00,1.05847,1.05927,1.05821,1.05873
2023.02.28 09:00:00,1.05874,1.05969,1.05821,1.05935
2023.02.28 10:00:00,1.05945,1.06201,1.05945,1.06159
2023.02.28 11:00:00,1.06161,1.06254,1.06037,1.0606
2023.02.28 12:00:00,1.0606,1.06172,1.06057,1.06163
2023.02.28 13:00:00,1.06164,1.06187,1.06072,1.06092
2023.02.28 14:00:00,1.06092,1.06195,1.06061,1.06177
2023.02.28 15:00:00,1.06176,1.06319,1.06138,1.06313
2023.02.28 16:00:00,1.06313,1.06408,1.0614,1.06335
2023.02.28 17:00:00,1.06333,1.06454,1.06016,1.06051
2023.02.28 18:00:00,1.06052,1.06172,1.06002,1.06008
2023.02.28 19:00:00,1.06007,1.06099,1.05953,1.06056
2023.02.28 20:00:00,1.06054,1.06068,1.05882,1.05914
2023.02.28 21:00:00,1.05914,1.05958,1.05826,1.05839
2023.02.28 22:00:00,1.05837,1.05839,1.05765,1.05765
2023.02.28 23:00:00,1.05766,1.05787,1.05739,1.05741
2023.03.01 00:00:00,1.05751,1.05787,1.05695,1.05782
2023.03.01 01:00:00,1.05782,1.05803,1.0575,1.05765
2023.03.01 02:00:00,1.05766,1.05771,1.05654,1.05683
2023.03.01 03:00:00,1.05685,1.05851,1.05672,1.05843
2023.03.01 04:00:00,1.05844,1.05864,1.05814,1.05834
2023.03.01 05:00:00,1.05833,1.05955,1.05819,1.05933
2023.03.01 06:00:00,1.05933,1.05943,1.05882,1.05892
2023.03.01 07:00:00,1.0589,1.05953,1.05889,1.0591
2023.03.01 08:00:00,1.05911,1.06148,1.05894,1.06072
2023.03.01 09:00:00,1.06073,1.06452,1.06045,1.06417
2023.03.01 10:00:00,1.06417,1.0649,1.06258,1.06484
2023.03.01 11:00:00,1.06484,1.06576,1.06377,1.06424
2023.03.01 12:00:00,1.06423,1.06695,1.064,1.06681
2023.03.01 13:00:00,1.06681,1.06741,1.06551,1.06699
2023.03.01 14:00:00,1.06699,1.06873,1.06636,1.06869
2023.03.01 15:00:00,1.06869,1.06916,1.06692,1.06715
2023.03.01 16:00:00,1.06715,1.06798,1.06651,1.06661
2023.03.01 17:00:00,1.0666,1.06787,1.06434,1.06722
2023.03.01 18:00:00,1.06722,1.06786,1.06594,1.06733
2023.03.01 19:00:00,1.06734,1.06782,1.06644,1.06653
2023.03.01 20:00:00,1.06654,1.06654,1.06501,1.0652
2023.03.01 21:00:00,1.0652,1.06591,1.06465,1.06573
2023.03.01 22:00:00,1.06572,1.06659,1.06563,1.06649
2023.03.01 23:00:00,1.06649,1.06713,1.06645,1.06694
2023.03.02 00:00:00,1.06683,1.06691,1.0664,1.06675
2023.03.02 01:00:00,1.06675,1.06723,1.06655,1.06684
2023.03.02 02:00:00,1.06687,1.06728,1.06582,1.06604
2023.03.02 03:00:00,1.06604,1.0662,1.06466,1.06514
2023.03.02 04:00:00,1.06514,1.06568,1.06487,1.06557
2023.03.02 05:00:00,1.06557,1.06559,1.06446,1.06456
2023.03.02 06:00:00,1.06459,1.06508,1.06454,1.06481
2023.03.02 07:00:00,1.06481,1.06489,1.06373,1.06414
2023.03.02 08:00:00,1.06413,1.06437,1.06354,1.06394
2023.03.02 09:00:00,1.06397,1.06448,1.06324,1.06364
2023.03.02 10:00:00,1.06366,1.06391,1.06262,1.06386
2023.03.02 11:00:00,1.06386,1.0643,1.06192,1.06239
2023.03.02 12:00:00,1.0624,1.06313,1.0613,1.06141
2023.03.02 13:00:00,1.0614,1.06307,1.06138,1.06251
2023.03.02 14:00:00,1.06253,1.06312,1.06047,1.0606
2023.03.02 15:00:00,1.0606,1.061,1.05819,1.05861
2023.03.02 16:00:00,1.05859,1.06075,1.05857,1.05993
2023.03.02 17:00:00,1.05996,1.06147,1.05937,1.06087
2023.03.02 18:00:00,1.06088,1.0613,1.05924,1.0594
2023.03.02 19:00:00,1.05943,1.05952,1.05766,1.05798
2023.03.02 20:00:00,1.05799,1.05942,1.05765,1.0593
2023.03.02 21:00:00,1.0593,1.05995,1.05889,1.05904
2023.03.02 22:00:00,1.05903,1.06065,1.05861,1.06003
2023.03.02 23:00:00,1.06005,1.06005,1.05959,1.05972
2023.03.03 00:00:00,1.05966,1.05977,1.05936,1.05971
2023.03.03 01:00:00,1.05971,1.06006,1.05942,1.05981
2023.03.03 02:00:00,1.05981,1.06117,1.05968,1.06107
2023.03.03 03:00:00,1.06107,1.06144,1.06052,1.06084
2023.03.03 04:00:00,1.06085,1.06149,1.06019,1.06026
2023.03.03 05:00:00,1.06025,1.06075,1.06021,1.06062
2023.03.03 06:00:00,1.06062,1.06098,1.06052,1.06086
2023.03.03 07:00:00,1.06088,1.06134,1.06083,1.06091
2023.03.03 08:00:00,1.06092,1.06231,1.06091,1.06213
2023.03.03 09:00:00,1.06213,1.0623,1.06094,1.061
2023.03.03 10:00:00,1.06101,1.06292,1.06101,1.06213
2023.03.03 11:00:00,1.06212,1.06212,1.06074,1.06101
2023.03.03 12:00:00,1.06099,1.06233,1.06005,1.06167
2023.03.03 13:00:00,1.06167,1.06182,1.061,1.06147
2023.03.03 14:00:00,1.06147,1.06186,1.06032,1.06127
2023.03.03 15:00:00,1.06127,1.06297,1.06107,1.06225
2023.03.03 16:00:00,1.06225,1.06296,1.06115,1.06136
2023.03.03 17:00:00,1.06135,1.06179,1.05884,1.05977
2023.03.03 18:00:00,1.05977,1.06173,1.05926,1.0616
2023.03.03 19:00:00,1.06157,1.06254,1.06119,1.06249
2023.03.03 20:00:00,1.06249,1.06274,1.06201,1.06246
2023.03.03 21:00:00,1.06244,1.06357,1.06234,1.06348
2023.03.03 22:00:00,1.06347,1.06387,1.06304,1.06353
2023.03.03 23:00:00,1.0635,1.06351,1.06301,1.06328
